entity,id
paper_0,0
paper_1,1
paper_10,2
paper_100,3
paper_1000,4
paper_10000,5
paper_10001,6
paper_10002,7
paper_10003,8
paper_10004,9
paper_10005,10
paper_10006,11
paper_10007,12
paper_10008,13
paper_10009,14
paper_1001,15
paper_10010,16
paper_10011,17
paper_10012,18
paper_10013,19
paper_10014,20
paper_10015,21
paper_10016,22
paper_10017,23
paper_10018,24
paper_10019,25
paper_1002,26
paper_10020,27
paper_10021,28
paper_10022,29
paper_10023,30
paper_10024,31
paper_10025,32
paper_10026,33
paper_10027,34
paper_10028,35
paper_10029,36
paper_1003,37
paper_10030,38
paper_10031,39
paper_10032,40
paper_10033,41
paper_10034,42
paper_10035,43
paper_10036,44
paper_10037,45
paper_10038,46
paper_10039,47
paper_1004,48
paper_10040,49
paper_10041,50
paper_10042,51
paper_10043,52
paper_10044,53
paper_10045,54
paper_10046,55
paper_10047,56
paper_10048,57
paper_10049,58
paper_1005,59
paper_10050,60
paper_10051,61
paper_10052,62
paper_10053,63
paper_10054,64
paper_10055,65
paper_10056,66
paper_10057,67
paper_10058,68
paper_10059,69
paper_1006,70
paper_10060,71
paper_10061,72
paper_10062,73
paper_10063,74
paper_10064,75
paper_10065,76
paper_10066,77
paper_10067,78
paper_10068,79
paper_10069,80
paper_1007,81
paper_10070,82
paper_10071,83
paper_10072,84
paper_10073,85
paper_10074,86
paper_10075,87
paper_10076,88
paper_10077,89
paper_10078,90
paper_10079,91
paper_1008,92
paper_10080,93
paper_10081,94
paper_10082,95
paper_10083,96
paper_10084,97
paper_10085,98
paper_10086,99
paper_10087,100
paper_10088,101
paper_10089,102
paper_1009,103
paper_10090,104
paper_10091,105
paper_10092,106
paper_10093,107
paper_10094,108
paper_10095,109
paper_10096,110
paper_10097,111
paper_10098,112
paper_10099,113
paper_101,114
paper_1010,115
paper_10100,116
paper_10101,117
paper_10102,118
paper_10103,119
paper_10104,120
paper_10105,121
paper_10106,122
paper_10107,123
paper_10108,124
paper_10109,125
paper_1011,126
paper_10110,127
paper_10111,128
paper_10112,129
paper_10113,130
paper_10114,131
paper_10115,132
paper_10116,133
paper_10117,134
paper_10118,135
paper_10119,136
paper_1012,137
paper_10120,138
paper_10121,139
paper_10122,140
paper_10123,141
paper_10124,142
paper_10125,143
paper_10126,144
paper_10127,145
paper_10128,146
paper_10129,147
paper_1013,148
paper_10130,149
paper_10131,150
paper_10132,151
paper_10133,152
paper_10134,153
paper_10135,154
paper_10136,155
paper_10137,156
paper_10138,157
paper_10139,158
paper_1014,159
paper_10140,160
paper_10141,161
paper_10142,162
paper_10143,163
paper_10144,164
paper_10145,165
paper_10146,166
paper_10147,167
paper_10148,168
paper_10149,169
paper_1015,170
paper_10150,171
paper_10151,172
paper_10152,173
paper_10153,174
paper_10154,175
paper_10155,176
paper_10156,177
paper_10157,178
paper_10158,179
paper_10159,180
paper_1016,181
paper_10160,182
paper_10161,183
paper_10162,184
paper_10163,185
paper_10164,186
paper_10165,187
paper_10166,188
paper_10167,189
paper_10168,190
paper_10169,191
paper_1017,192
paper_10170,193
paper_10171,194
paper_10172,195
paper_10173,196
paper_10174,197
paper_10175,198
paper_10176,199
paper_10177,200
paper_10178,201
paper_10179,202
paper_1018,203
paper_10180,204
paper_10181,205
paper_10182,206
paper_10183,207
paper_10184,208
paper_10185,209
paper_10186,210
paper_10187,211
paper_10188,212
paper_10189,213
paper_1019,214
paper_10190,215
paper_10191,216
paper_10192,217
paper_10193,218
paper_10194,219
paper_10195,220
paper_10196,221
paper_10197,222
paper_10198,223
paper_10199,224
paper_102,225
paper_1020,226
paper_10200,227
paper_10201,228
paper_10202,229
paper_10203,230
paper_10204,231
paper_10205,232
paper_10206,233
paper_10207,234
paper_10208,235
paper_10209,236
paper_1021,237
paper_10210,238
paper_10211,239
paper_10212,240
paper_10213,241
paper_10214,242
paper_10215,243
paper_10216,244
paper_10217,245
paper_10218,246
paper_10219,247
paper_1022,248
paper_10220,249
paper_10221,250
paper_10222,251
paper_10223,252
paper_10224,253
paper_10225,254
paper_10226,255
paper_10227,256
paper_10228,257
paper_10229,258
paper_1023,259
paper_10230,260
paper_10231,261
paper_10232,262
paper_10233,263
paper_10234,264
paper_10235,265
paper_10236,266
paper_10237,267
paper_10238,268
paper_10239,269
paper_1024,270
paper_10240,271
paper_10241,272
paper_10242,273
paper_10243,274
paper_10244,275
paper_10245,276
paper_10246,277
paper_10247,278
paper_10248,279
paper_10249,280
paper_1025,281
paper_10250,282
paper_10251,283
paper_10252,284
paper_10253,285
paper_10254,286
paper_10255,287
paper_10256,288
paper_10257,289
paper_10258,290
paper_10259,291
paper_1026,292
paper_10260,293
paper_10261,294
paper_10262,295
paper_10263,296
paper_10264,297
paper_10265,298
paper_10266,299
paper_10267,300
paper_10268,301
paper_10269,302
paper_1027,303
paper_10270,304
paper_10271,305
paper_10272,306
paper_10273,307
paper_10274,308
paper_10275,309
paper_10276,310
paper_10277,311
paper_10278,312
paper_10279,313
paper_1028,314
paper_10280,315
paper_10281,316
paper_10282,317
paper_10283,318
paper_10284,319
paper_10285,320
paper_10286,321
paper_10287,322
paper_10288,323
paper_10289,324
paper_1029,325
paper_10290,326
paper_10291,327
paper_10292,328
paper_10293,329
paper_10294,330
paper_10295,331
paper_10296,332
paper_10297,333
paper_10298,334
paper_10299,335
paper_103,336
paper_1030,337
paper_10300,338
paper_10301,339
paper_10302,340
paper_10303,341
paper_10304,342
paper_10305,343
paper_10306,344
paper_10307,345
paper_10308,346
paper_10309,347
paper_1031,348
paper_10310,349
paper_10311,350
paper_10312,351
paper_10313,352
paper_10314,353
paper_10315,354
paper_10316,355
paper_10317,356
paper_10318,357
paper_10319,358
paper_1032,359
paper_10320,360
paper_10321,361
paper_10322,362
paper_10323,363
paper_10324,364
paper_10325,365
paper_10326,366
paper_10327,367
paper_10328,368
paper_10329,369
paper_1033,370
paper_10330,371
paper_10331,372
paper_10332,373
paper_10333,374
paper_10334,375
paper_10335,376
paper_10336,377
paper_10337,378
paper_10338,379
paper_10339,380
paper_1034,381
paper_10340,382
paper_10341,383
paper_10342,384
paper_10343,385
paper_10344,386
paper_10345,387
paper_10346,388
paper_10347,389
paper_10348,390
paper_10349,391
paper_1035,392
paper_10350,393
paper_10351,394
paper_10352,395
paper_10353,396
paper_10354,397
paper_10355,398
paper_10356,399
paper_10357,400
paper_10358,401
paper_10359,402
paper_1036,403
paper_10360,404
paper_10361,405
paper_10362,406
paper_10363,407
paper_10364,408
paper_10365,409
paper_10366,410
paper_10367,411
paper_10368,412
paper_10369,413
paper_1037,414
paper_10370,415
paper_10371,416
paper_10372,417
paper_10373,418
paper_10374,419
paper_10375,420
paper_10376,421
paper_10377,422
paper_10378,423
paper_10379,424
paper_1038,425
paper_10380,426
paper_10381,427
paper_10382,428
paper_10383,429
paper_10384,430
paper_10385,431
paper_10386,432
paper_10387,433
paper_10388,434
paper_10389,435
paper_1039,436
paper_10390,437
paper_10391,438
paper_10392,439
paper_10393,440
paper_10394,441
paper_10395,442
paper_10396,443
paper_10397,444
paper_10398,445
paper_10399,446
paper_104,447
paper_1040,448
paper_10400,449
paper_10401,450
paper_10402,451
paper_10403,452
paper_10404,453
paper_10405,454
paper_10406,455
paper_10407,456
paper_10408,457
paper_10409,458
paper_1041,459
paper_10410,460
paper_10411,461
paper_10412,462
paper_10413,463
paper_10414,464
paper_10415,465
paper_10416,466
paper_10417,467
paper_10418,468
paper_10419,469
paper_1042,470
paper_10420,471
paper_10421,472
paper_10422,473
paper_10423,474
paper_10424,475
paper_10425,476
paper_10426,477
paper_10427,478
paper_10428,479
paper_10429,480
paper_1043,481
paper_10430,482
paper_10431,483
paper_10432,484
paper_10433,485
paper_10434,486
paper_10435,487
paper_10436,488
paper_10437,489
paper_10438,490
paper_10439,491
paper_1044,492
paper_10440,493
paper_10441,494
paper_10442,495
paper_10443,496
paper_10444,497
paper_10445,498
paper_10446,499
paper_10447,500
paper_10448,501
paper_10449,502
paper_1045,503
paper_10450,504
paper_10451,505
paper_10452,506
paper_10453,507
paper_10454,508
paper_10455,509
paper_10456,510
paper_10457,511
paper_10458,512
paper_10459,513
paper_1046,514
paper_10460,515
paper_10461,516
paper_10462,517
paper_10463,518
paper_10464,519
paper_10465,520
paper_10466,521
paper_10467,522
paper_10468,523
paper_10469,524
paper_1047,525
paper_10470,526
paper_10471,527
paper_10472,528
paper_10473,529
paper_10474,530
paper_10475,531
paper_10476,532
paper_10477,533
paper_10478,534
paper_10479,535
paper_1048,536
paper_10480,537
paper_10481,538
paper_10482,539
paper_10483,540
paper_10484,541
paper_10485,542
paper_10486,543
paper_10487,544
paper_10488,545
paper_10489,546
paper_1049,547
paper_10490,548
paper_10491,549
paper_10492,550
paper_10493,551
paper_10494,552
paper_10495,553
paper_10496,554
paper_10497,555
paper_10498,556
paper_10499,557
paper_105,558
paper_1050,559
paper_10500,560
paper_10501,561
paper_10502,562
paper_10503,563
paper_10504,564
paper_10505,565
paper_10506,566
paper_10507,567
paper_10508,568
paper_10509,569
paper_1051,570
paper_10510,571
paper_10511,572
paper_10512,573
paper_10513,574
paper_10514,575
paper_10515,576
paper_10516,577
paper_10517,578
paper_10518,579
paper_10519,580
paper_1052,581
paper_10520,582
paper_10521,583
paper_10522,584
paper_10523,585
paper_10524,586
paper_10525,587
paper_10526,588
paper_10527,589
paper_10528,590
paper_10529,591
paper_1053,592
paper_10530,593
paper_10531,594
paper_10532,595
paper_10533,596
paper_10534,597
paper_10535,598
paper_10536,599
paper_10537,600
paper_10538,601
paper_10539,602
paper_1054,603
paper_10540,604
paper_10541,605
paper_10542,606
paper_10543,607
paper_10544,608
paper_10545,609
paper_10546,610
paper_10547,611
paper_10548,612
paper_10549,613
paper_1055,614
paper_10550,615
paper_10551,616
paper_10552,617
paper_10553,618
paper_10554,619
paper_10555,620
paper_10556,621
paper_10557,622
paper_10558,623
paper_10559,624
paper_1056,625
paper_10560,626
paper_10561,627
paper_10562,628
paper_10563,629
paper_10564,630
paper_10565,631
paper_10566,632
paper_10567,633
paper_10568,634
paper_10569,635
paper_1057,636
paper_10570,637
paper_10571,638
paper_10572,639
paper_10573,640
paper_10574,641
paper_10575,642
paper_10576,643
paper_10577,644
paper_10578,645
paper_10579,646
paper_1058,647
paper_10580,648
paper_10581,649
paper_10582,650
paper_10583,651
paper_10584,652
paper_10585,653
paper_10586,654
paper_10587,655
paper_10588,656
paper_10589,657
paper_1059,658
paper_10590,659
paper_10591,660
paper_10592,661
paper_10593,662
paper_10594,663
paper_10595,664
paper_10596,665
paper_10597,666
paper_10598,667
paper_10599,668
paper_106,669
paper_1060,670
paper_10600,671
paper_10601,672
paper_10602,673
paper_10603,674
paper_10604,675
paper_10605,676
paper_10606,677
paper_10607,678
paper_10608,679
paper_10609,680
paper_1061,681
paper_10610,682
paper_10611,683
paper_10612,684
paper_10613,685
paper_10614,686
paper_10615,687
paper_10616,688
paper_10617,689
paper_10618,690
paper_10619,691
paper_1062,692
paper_10620,693
paper_10621,694
paper_10622,695
paper_10623,696
paper_10624,697
paper_10625,698
paper_10626,699
paper_10627,700
paper_10628,701
paper_10629,702
paper_1063,703
paper_10630,704
paper_10631,705
paper_10632,706
paper_10633,707
paper_10634,708
paper_10635,709
paper_10636,710
paper_10637,711
paper_10638,712
paper_10639,713
paper_1064,714
paper_10640,715
paper_10641,716
paper_10642,717
paper_10643,718
paper_10644,719
paper_10645,720
paper_10646,721
paper_10647,722
paper_10648,723
paper_10649,724
paper_1065,725
paper_10650,726
paper_10651,727
paper_10652,728
paper_10653,729
paper_10654,730
paper_10655,731
paper_10656,732
paper_10657,733
paper_10658,734
paper_10659,735
paper_1066,736
paper_10660,737
paper_10661,738
paper_10662,739
paper_10663,740
paper_10664,741
paper_10665,742
paper_10666,743
paper_10667,744
paper_10668,745
paper_10669,746
paper_1067,747
paper_10670,748
paper_10671,749
paper_10672,750
paper_10673,751
paper_10674,752
paper_10675,753
paper_10676,754
paper_10677,755
paper_10678,756
paper_10679,757
paper_1068,758
paper_10680,759
paper_10681,760
paper_10682,761
paper_10683,762
paper_10684,763
paper_10685,764
paper_10686,765
paper_10687,766
paper_10688,767
paper_10689,768
paper_1069,769
paper_10690,770
paper_10691,771
paper_10692,772
paper_10693,773
paper_10694,774
paper_10695,775
paper_10696,776
paper_10697,777
paper_10698,778
paper_10699,779
paper_107,780
paper_1070,781
paper_10700,782
paper_10701,783
paper_10702,784
paper_10703,785
paper_10704,786
paper_10705,787
paper_10706,788
paper_10707,789
paper_10708,790
paper_10709,791
paper_1071,792
paper_10710,793
paper_10711,794
paper_10712,795
paper_10713,796
paper_10714,797
paper_10715,798
paper_10716,799
paper_10717,800
paper_10718,801
paper_10719,802
paper_1072,803
paper_10720,804
paper_10721,805
paper_10722,806
paper_10723,807
paper_10724,808
paper_10725,809
paper_10726,810
paper_10727,811
paper_10728,812
paper_10729,813
paper_1073,814
paper_10730,815
paper_10731,816
paper_10732,817
paper_10733,818
paper_10734,819
paper_10735,820
paper_10736,821
paper_10737,822
paper_10738,823
paper_10739,824
paper_1074,825
paper_10740,826
paper_10741,827
paper_10742,828
paper_10743,829
paper_10744,830
paper_10745,831
paper_10746,832
paper_10747,833
paper_10748,834
paper_10749,835
paper_1075,836
paper_10750,837
paper_10751,838
paper_10752,839
paper_10753,840
paper_10754,841
paper_10755,842
paper_10756,843
paper_10757,844
paper_10758,845
paper_10759,846
paper_1076,847
paper_10760,848
paper_10761,849
paper_10762,850
paper_10763,851
paper_10764,852
paper_10765,853
paper_10766,854
paper_10767,855
paper_10768,856
paper_10769,857
paper_1077,858
paper_10770,859
paper_10771,860
paper_10772,861
paper_10773,862
paper_10774,863
paper_10775,864
paper_10776,865
paper_10777,866
paper_10778,867
paper_10779,868
paper_1078,869
paper_10780,870
paper_10781,871
paper_10782,872
paper_10783,873
paper_10784,874
paper_10785,875
paper_10786,876
paper_10787,877
paper_10788,878
paper_10789,879
paper_1079,880
paper_10790,881
paper_10791,882
paper_10792,883
paper_10793,884
paper_10794,885
paper_10795,886
paper_10796,887
paper_10797,888
paper_10798,889
paper_10799,890
paper_108,891
paper_1080,892
paper_10800,893
paper_10801,894
paper_10802,895
paper_10803,896
paper_10804,897
paper_10805,898
paper_10806,899
paper_10807,900
paper_10808,901
paper_10809,902
paper_1081,903
paper_10810,904
paper_10811,905
paper_10812,906
paper_10813,907
paper_10814,908
paper_10815,909
paper_10816,910
paper_10817,911
paper_10818,912
paper_10819,913
paper_1082,914
paper_10820,915
paper_10821,916
paper_10822,917
paper_10823,918
paper_10824,919
paper_10825,920
paper_10826,921
paper_10827,922
paper_10828,923
paper_10829,924
paper_1083,925
paper_10830,926
paper_10831,927
paper_10832,928
paper_10833,929
paper_10834,930
paper_10835,931
paper_10836,932
paper_10837,933
paper_10838,934
paper_10839,935
paper_1084,936
paper_10840,937
paper_10841,938
paper_10842,939
paper_10843,940
paper_10844,941
paper_10845,942
paper_10846,943
paper_10847,944
paper_10848,945
paper_10849,946
paper_1085,947
paper_10850,948
paper_10851,949
paper_10852,950
paper_10853,951
paper_10854,952
paper_10855,953
paper_10856,954
paper_10857,955
paper_10858,956
paper_10859,957
paper_1086,958
paper_10860,959
paper_10861,960
paper_10862,961
paper_10863,962
paper_10864,963
paper_10865,964
paper_10866,965
paper_10867,966
paper_10868,967
paper_10869,968
paper_1087,969
paper_10870,970
paper_10871,971
paper_10872,972
paper_10873,973
paper_10874,974
paper_10875,975
paper_10876,976
paper_10877,977
paper_10878,978
paper_10879,979
paper_1088,980
paper_10880,981
paper_10881,982
paper_10882,983
paper_10883,984
paper_10884,985
paper_10885,986
paper_10886,987
paper_10887,988
paper_10888,989
paper_10889,990
paper_1089,991
paper_10890,992
paper_10891,993
paper_10892,994
paper_10893,995
paper_10894,996
paper_10895,997
paper_10896,998
paper_10897,999
paper_10898,1000
paper_10899,1001
paper_109,1002
paper_1090,1003
paper_10900,1004
paper_10901,1005
paper_10902,1006
paper_10903,1007
paper_10904,1008
paper_10905,1009
paper_10906,1010
paper_10907,1011
paper_10908,1012
paper_10909,1013
paper_1091,1014
paper_10910,1015
paper_10911,1016
paper_10912,1017
paper_10913,1018
paper_10914,1019
paper_10915,1020
paper_10916,1021
paper_10917,1022
paper_10918,1023
paper_10919,1024
paper_1092,1025
paper_10920,1026
paper_10921,1027
paper_10922,1028
paper_10923,1029
paper_10924,1030
paper_10925,1031
paper_10926,1032
paper_10927,1033
paper_10928,1034
paper_10929,1035
paper_1093,1036
paper_10930,1037
paper_10931,1038
paper_10932,1039
paper_10933,1040
paper_10934,1041
paper_10935,1042
paper_10936,1043
paper_10937,1044
paper_10938,1045
paper_10939,1046
paper_1094,1047
paper_10940,1048
paper_10941,1049
paper_10942,1050
paper_10943,1051
paper_10944,1052
paper_10945,1053
paper_10946,1054
paper_10947,1055
paper_10948,1056
paper_10949,1057
paper_1095,1058
paper_10950,1059
paper_10951,1060
paper_10952,1061
paper_10953,1062
paper_10954,1063
paper_10955,1064
paper_10956,1065
paper_10957,1066
paper_10958,1067
paper_10959,1068
paper_1096,1069
paper_10960,1070
paper_10961,1071
paper_10962,1072
paper_10963,1073
paper_10964,1074
paper_10965,1075
paper_10966,1076
paper_10967,1077
paper_10968,1078
paper_10969,1079
paper_1097,1080
paper_10970,1081
paper_10971,1082
paper_10972,1083
paper_10973,1084
paper_10974,1085
paper_10975,1086
paper_10976,1087
paper_10977,1088
paper_10978,1089
paper_10979,1090
paper_1098,1091
paper_10980,1092
paper_10981,1093
paper_10982,1094
paper_10983,1095
paper_10984,1096
paper_10985,1097
paper_10986,1098
paper_10987,1099
paper_10988,1100
paper_10989,1101
paper_1099,1102
paper_10990,1103
paper_10991,1104
paper_10992,1105
paper_10993,1106
paper_10994,1107
paper_10995,1108
paper_10996,1109
paper_10997,1110
paper_10998,1111
paper_10999,1112
paper_11,1113
paper_110,1114
paper_1100,1115
paper_11000,1116
paper_11001,1117
paper_11002,1118
paper_11003,1119
paper_11004,1120
paper_11005,1121
paper_11006,1122
paper_11007,1123
paper_11008,1124
paper_11009,1125
paper_1101,1126
paper_11010,1127
paper_11011,1128
paper_11012,1129
paper_11013,1130
paper_11014,1131
paper_11015,1132
paper_11016,1133
paper_11017,1134
paper_11018,1135
paper_11019,1136
paper_1102,1137
paper_11020,1138
paper_11021,1139
paper_11022,1140
paper_11023,1141
paper_11024,1142
paper_11025,1143
paper_11026,1144
paper_11027,1145
paper_11028,1146
paper_11029,1147
paper_1103,1148
paper_11030,1149
paper_11031,1150
paper_11032,1151
paper_11033,1152
paper_11034,1153
paper_11035,1154
paper_11036,1155
paper_11037,1156
paper_11038,1157
paper_11039,1158
paper_1104,1159
paper_11040,1160
paper_11041,1161
paper_11042,1162
paper_11043,1163
paper_11044,1164
paper_11045,1165
paper_11046,1166
paper_11047,1167
paper_11048,1168
paper_11049,1169
paper_1105,1170
paper_11050,1171
paper_11051,1172
paper_11052,1173
paper_11053,1174
paper_11054,1175
paper_11055,1176
paper_11056,1177
paper_11057,1178
paper_11058,1179
paper_11059,1180
paper_1106,1181
paper_11060,1182
paper_11061,1183
paper_11062,1184
paper_11063,1185
paper_11064,1186
paper_11065,1187
paper_11066,1188
paper_11067,1189
paper_11068,1190
paper_11069,1191
paper_1107,1192
paper_11070,1193
paper_11071,1194
paper_11072,1195
paper_11073,1196
paper_11074,1197
paper_11075,1198
paper_11076,1199
paper_11077,1200
paper_11078,1201
paper_11079,1202
paper_1108,1203
paper_11080,1204
paper_11081,1205
paper_11082,1206
paper_11083,1207
paper_11084,1208
paper_11085,1209
paper_11086,1210
paper_11087,1211
paper_11088,1212
paper_11089,1213
paper_1109,1214
paper_11090,1215
paper_11091,1216
paper_11092,1217
paper_11093,1218
paper_11094,1219
paper_11095,1220
paper_11096,1221
paper_11097,1222
paper_11098,1223
paper_11099,1224
paper_111,1225
paper_1110,1226
paper_11100,1227
paper_11101,1228
paper_11102,1229
paper_11103,1230
paper_11104,1231
paper_11105,1232
paper_11106,1233
paper_11107,1234
paper_11108,1235
paper_11109,1236
paper_1111,1237
paper_11110,1238
paper_11111,1239
paper_11112,1240
paper_11113,1241
paper_11114,1242
paper_11115,1243
paper_11116,1244
paper_11117,1245
paper_11118,1246
paper_11119,1247
paper_1112,1248
paper_11120,1249
paper_11121,1250
paper_11122,1251
paper_11123,1252
paper_11124,1253
paper_11125,1254
paper_11126,1255
paper_11127,1256
paper_11128,1257
paper_11129,1258
paper_1113,1259
paper_11130,1260
paper_11131,1261
paper_11132,1262
paper_11133,1263
paper_11134,1264
paper_11135,1265
paper_11136,1266
paper_11137,1267
paper_11138,1268
paper_11139,1269
paper_1114,1270
paper_11140,1271
paper_11141,1272
paper_11142,1273
paper_11143,1274
paper_11144,1275
paper_11145,1276
paper_11146,1277
paper_11147,1278
paper_11148,1279
paper_11149,1280
paper_1115,1281
paper_11150,1282
paper_11151,1283
paper_11152,1284
paper_11153,1285
paper_11154,1286
paper_11155,1287
paper_11156,1288
paper_11157,1289
paper_11158,1290
paper_11159,1291
paper_1116,1292
paper_11160,1293
paper_11161,1294
paper_11162,1295
paper_11163,1296
paper_11164,1297
paper_11165,1298
paper_11166,1299
paper_11167,1300
paper_11168,1301
paper_11169,1302
paper_1117,1303
paper_11170,1304
paper_11171,1305
paper_11172,1306
paper_11173,1307
paper_11174,1308
paper_11175,1309
paper_11176,1310
paper_11177,1311
paper_11178,1312
paper_11179,1313
paper_1118,1314
paper_11180,1315
paper_11181,1316
paper_11182,1317
paper_11183,1318
paper_11184,1319
paper_11185,1320
paper_11186,1321
paper_11187,1322
paper_11188,1323
paper_11189,1324
paper_1119,1325
paper_11190,1326
paper_11191,1327
paper_11192,1328
paper_11193,1329
paper_11194,1330
paper_11195,1331
paper_11196,1332
paper_11197,1333
paper_11198,1334
paper_11199,1335
paper_112,1336
paper_1120,1337
paper_11200,1338
paper_11201,1339
paper_11202,1340
paper_11203,1341
paper_11204,1342
paper_11205,1343
paper_11206,1344
paper_11207,1345
paper_11208,1346
paper_11209,1347
paper_1121,1348
paper_11210,1349
paper_11211,1350
paper_11212,1351
paper_11213,1352
paper_11214,1353
paper_11215,1354
paper_11216,1355
paper_11217,1356
paper_11218,1357
paper_11219,1358
paper_1122,1359
paper_11220,1360
paper_11221,1361
paper_11222,1362
paper_11223,1363
paper_11224,1364
paper_11225,1365
paper_11226,1366
paper_11227,1367
paper_11228,1368
paper_11229,1369
paper_1123,1370
paper_11230,1371
paper_11231,1372
paper_11232,1373
paper_11233,1374
paper_11234,1375
paper_11235,1376
paper_11236,1377
paper_11237,1378
paper_11238,1379
paper_11239,1380
paper_1124,1381
paper_11240,1382
paper_11241,1383
paper_11242,1384
paper_11243,1385
paper_11244,1386
paper_11245,1387
paper_11246,1388
paper_11247,1389
paper_11248,1390
paper_11249,1391
paper_1125,1392
paper_11250,1393
paper_11251,1394
paper_11252,1395
paper_11253,1396
paper_11254,1397
paper_11255,1398
paper_11256,1399
paper_11257,1400
paper_11258,1401
paper_11259,1402
paper_1126,1403
paper_11260,1404
paper_11261,1405
paper_11262,1406
paper_11263,1407
paper_11264,1408
paper_11265,1409
paper_11266,1410
paper_11267,1411
paper_11268,1412
paper_11269,1413
paper_1127,1414
paper_11270,1415
paper_11271,1416
paper_11272,1417
paper_11273,1418
paper_11274,1419
paper_11275,1420
paper_11276,1421
paper_11277,1422
paper_11278,1423
paper_11279,1424
paper_1128,1425
paper_11280,1426
paper_11281,1427
paper_11282,1428
paper_11283,1429
paper_11284,1430
paper_11285,1431
paper_11286,1432
paper_11287,1433
paper_11288,1434
paper_11289,1435
paper_1129,1436
paper_11290,1437
paper_11291,1438
paper_11292,1439
paper_11293,1440
paper_11294,1441
paper_11295,1442
paper_11296,1443
paper_11297,1444
paper_11298,1445
paper_11299,1446
paper_113,1447
paper_1130,1448
paper_11300,1449
paper_11301,1450
paper_11302,1451
paper_11303,1452
paper_11304,1453
paper_11305,1454
paper_11306,1455
paper_11307,1456
paper_11308,1457
paper_11309,1458
paper_1131,1459
paper_11310,1460
paper_11311,1461
paper_11312,1462
paper_11313,1463
paper_11314,1464
paper_11315,1465
paper_11316,1466
paper_11317,1467
paper_11318,1468
paper_11319,1469
paper_1132,1470
paper_11320,1471
paper_11321,1472
paper_11322,1473
paper_11323,1474
paper_11324,1475
paper_11325,1476
paper_11326,1477
paper_11327,1478
paper_11328,1479
paper_11329,1480
paper_1133,1481
paper_11330,1482
paper_11331,1483
paper_11332,1484
paper_11333,1485
paper_11334,1486
paper_11335,1487
paper_11336,1488
paper_11337,1489
paper_11338,1490
paper_11339,1491
paper_1134,1492
paper_11340,1493
paper_11341,1494
paper_11342,1495
paper_11343,1496
paper_11344,1497
paper_11345,1498
paper_11346,1499
paper_11347,1500
paper_11348,1501
paper_11349,1502
paper_1135,1503
paper_11350,1504
paper_11351,1505
paper_11352,1506
paper_11353,1507
paper_11354,1508
paper_11355,1509
paper_11356,1510
paper_11357,1511
paper_11358,1512
paper_11359,1513
paper_1136,1514
paper_11360,1515
paper_11361,1516
paper_11362,1517
paper_11363,1518
paper_11364,1519
paper_11365,1520
paper_11366,1521
paper_11367,1522
paper_11368,1523
paper_11369,1524
paper_1137,1525
paper_11370,1526
paper_11371,1527
paper_11372,1528
paper_11373,1529
paper_11374,1530
paper_11375,1531
paper_11376,1532
paper_11377,1533
paper_11378,1534
paper_11379,1535
paper_1138,1536
paper_11380,1537
paper_11381,1538
paper_11382,1539
paper_11383,1540
paper_11384,1541
paper_11385,1542
paper_11386,1543
paper_11387,1544
paper_11388,1545
paper_11389,1546
paper_1139,1547
paper_11390,1548
paper_11391,1549
paper_11392,1550
paper_11393,1551
paper_11394,1552
paper_11395,1553
paper_11396,1554
paper_11397,1555
paper_11398,1556
paper_11399,1557
paper_114,1558
paper_1140,1559
paper_11400,1560
paper_11401,1561
paper_11402,1562
paper_11403,1563
paper_11404,1564
paper_11405,1565
paper_11406,1566
paper_11407,1567
paper_11408,1568
paper_11409,1569
paper_1141,1570
paper_11410,1571
paper_11411,1572
paper_11412,1573
paper_11413,1574
paper_11414,1575
paper_11415,1576
paper_11416,1577
paper_11417,1578
paper_11418,1579
paper_11419,1580
paper_1142,1581
paper_11420,1582
paper_11421,1583
paper_11422,1584
paper_11423,1585
paper_11424,1586
paper_11425,1587
paper_11426,1588
paper_11427,1589
paper_11428,1590
paper_11429,1591
paper_1143,1592
paper_11430,1593
paper_11431,1594
paper_11432,1595
paper_11433,1596
paper_11434,1597
paper_11435,1598
paper_11436,1599
paper_11437,1600
paper_11438,1601
paper_11439,1602
paper_1144,1603
paper_11440,1604
paper_11441,1605
paper_11442,1606
paper_11443,1607
paper_11444,1608
paper_11445,1609
paper_11446,1610
paper_11447,1611
paper_11448,1612
paper_11449,1613
paper_1145,1614
paper_11450,1615
paper_11451,1616
paper_11452,1617
paper_11453,1618
paper_11454,1619
paper_11455,1620
paper_11456,1621
paper_11457,1622
paper_11458,1623
paper_11459,1624
paper_1146,1625
paper_11460,1626
paper_11461,1627
paper_11462,1628
paper_11463,1629
paper_11464,1630
paper_11465,1631
paper_11466,1632
paper_11467,1633
paper_11468,1634
paper_11469,1635
paper_1147,1636
paper_11470,1637
paper_11471,1638
paper_11472,1639
paper_11473,1640
paper_11474,1641
paper_11475,1642
paper_11476,1643
paper_11477,1644
paper_11478,1645
paper_11479,1646
paper_1148,1647
paper_11480,1648
paper_11481,1649
paper_11482,1650
paper_11483,1651
paper_11484,1652
paper_11485,1653
paper_11486,1654
paper_11487,1655
paper_11488,1656
paper_11489,1657
paper_1149,1658
paper_11490,1659
paper_11491,1660
paper_11492,1661
paper_11493,1662
paper_11494,1663
paper_11495,1664
paper_11496,1665
paper_11497,1666
paper_11498,1667
paper_11499,1668
paper_115,1669
paper_1150,1670
paper_11500,1671
paper_11501,1672
paper_11502,1673
paper_11503,1674
paper_11504,1675
paper_11505,1676
paper_11506,1677
paper_11507,1678
paper_11508,1679
paper_11509,1680
paper_1151,1681
paper_11510,1682
paper_11511,1683
paper_11512,1684
paper_11513,1685
paper_11514,1686
paper_11515,1687
paper_11516,1688
paper_11517,1689
paper_11518,1690
paper_11519,1691
paper_1152,1692
paper_11520,1693
paper_11521,1694
paper_11522,1695
paper_11523,1696
paper_11524,1697
paper_11525,1698
paper_11526,1699
paper_11527,1700
paper_11528,1701
paper_11529,1702
paper_1153,1703
paper_11530,1704
paper_11531,1705
paper_11532,1706
paper_11533,1707
paper_11534,1708
paper_11535,1709
paper_11536,1710
paper_11537,1711
paper_11538,1712
paper_11539,1713
paper_1154,1714
paper_11540,1715
paper_11541,1716
paper_11542,1717
paper_11543,1718
paper_11544,1719
paper_11545,1720
paper_11546,1721
paper_11547,1722
paper_11548,1723
paper_11549,1724
paper_1155,1725
paper_11550,1726
paper_11551,1727
paper_11552,1728
paper_11553,1729
paper_11554,1730
paper_11555,1731
paper_11556,1732
paper_11557,1733
paper_11558,1734
paper_11559,1735
paper_1156,1736
paper_11560,1737
paper_11561,1738
paper_11562,1739
paper_11563,1740
paper_11564,1741
paper_11565,1742
paper_11566,1743
paper_11567,1744
paper_11568,1745
paper_11569,1746
paper_1157,1747
paper_11570,1748
paper_11571,1749
paper_11572,1750
paper_11573,1751
paper_11574,1752
paper_11575,1753
paper_11576,1754
paper_11577,1755
paper_11578,1756
paper_11579,1757
paper_1158,1758
paper_11580,1759
paper_11581,1760
paper_11582,1761
paper_11583,1762
paper_11584,1763
paper_11585,1764
paper_11586,1765
paper_11587,1766
paper_11588,1767
paper_11589,1768
paper_1159,1769
paper_11590,1770
paper_11591,1771
paper_11592,1772
paper_11593,1773
paper_11594,1774
paper_11595,1775
paper_11596,1776
paper_11597,1777
paper_11598,1778
paper_11599,1779
paper_116,1780
paper_1160,1781
paper_11600,1782
paper_11601,1783
paper_11602,1784
paper_11603,1785
paper_11604,1786
paper_11605,1787
paper_11606,1788
paper_11607,1789
paper_11608,1790
paper_11609,1791
paper_1161,1792
paper_11610,1793
paper_11611,1794
paper_11612,1795
paper_11613,1796
paper_11614,1797
paper_11615,1798
paper_11616,1799
paper_11617,1800
paper_11618,1801
paper_11619,1802
paper_1162,1803
paper_11620,1804
paper_11621,1805
paper_11622,1806
paper_11623,1807
paper_11624,1808
paper_11625,1809
paper_11626,1810
paper_11627,1811
paper_11628,1812
paper_11629,1813
paper_1163,1814
paper_11630,1815
paper_11631,1816
paper_11632,1817
paper_11633,1818
paper_11634,1819
paper_11635,1820
paper_11636,1821
paper_11637,1822
paper_11638,1823
paper_11639,1824
paper_1164,1825
paper_11640,1826
paper_11641,1827
paper_11642,1828
paper_11643,1829
paper_11644,1830
paper_11645,1831
paper_11646,1832
paper_11647,1833
paper_11648,1834
paper_11649,1835
paper_1165,1836
paper_11650,1837
paper_11651,1838
paper_11652,1839
paper_11653,1840
paper_11654,1841
paper_11655,1842
paper_11656,1843
paper_11657,1844
paper_11658,1845
paper_11659,1846
paper_1166,1847
paper_11660,1848
paper_11661,1849
paper_11662,1850
paper_11663,1851
paper_11664,1852
paper_11665,1853
paper_11666,1854
paper_11667,1855
paper_11668,1856
paper_11669,1857
paper_1167,1858
paper_11670,1859
paper_11671,1860
paper_11672,1861
paper_11673,1862
paper_11674,1863
paper_11675,1864
paper_11676,1865
paper_11677,1866
paper_11678,1867
paper_11679,1868
paper_1168,1869
paper_11680,1870
paper_11681,1871
paper_11682,1872
paper_11683,1873
paper_11684,1874
paper_11685,1875
paper_11686,1876
paper_11687,1877
paper_11688,1878
paper_11689,1879
paper_1169,1880
paper_11690,1881
paper_11691,1882
paper_11692,1883
paper_11693,1884
paper_11694,1885
paper_11695,1886
paper_11696,1887
paper_11697,1888
paper_11698,1889
paper_11699,1890
paper_117,1891
paper_1170,1892
paper_11700,1893
paper_11701,1894
paper_11702,1895
paper_11703,1896
paper_11704,1897
paper_11705,1898
paper_11706,1899
paper_11707,1900
paper_11708,1901
paper_11709,1902
paper_1171,1903
paper_11710,1904
paper_11711,1905
paper_11712,1906
paper_11713,1907
paper_11714,1908
paper_11715,1909
paper_11716,1910
paper_11717,1911
paper_11718,1912
paper_11719,1913
paper_1172,1914
paper_11720,1915
paper_11721,1916
paper_11722,1917
paper_11723,1918
paper_11724,1919
paper_11725,1920
paper_11726,1921
paper_11727,1922
paper_11728,1923
paper_11729,1924
paper_1173,1925
paper_11730,1926
paper_11731,1927
paper_11732,1928
paper_11733,1929
paper_11734,1930
paper_11735,1931
paper_11736,1932
paper_11737,1933
paper_11738,1934
paper_11739,1935
paper_1174,1936
paper_11740,1937
paper_11741,1938
paper_11742,1939
paper_11743,1940
paper_11744,1941
paper_11745,1942
paper_11746,1943
paper_11747,1944
paper_11748,1945
paper_11749,1946
paper_1175,1947
paper_11750,1948
paper_11751,1949
paper_11752,1950
paper_11753,1951
paper_11754,1952
paper_11755,1953
paper_11756,1954
paper_11757,1955
paper_11758,1956
paper_11759,1957
paper_1176,1958
paper_11760,1959
paper_11761,1960
paper_11762,1961
paper_11763,1962
paper_11764,1963
paper_11765,1964
paper_11766,1965
paper_11767,1966
paper_11768,1967
paper_11769,1968
paper_1177,1969
paper_11770,1970
paper_11771,1971
paper_11772,1972
paper_11773,1973
paper_11774,1974
paper_11775,1975
paper_11776,1976
paper_11777,1977
paper_11778,1978
paper_11779,1979
paper_1178,1980
paper_11780,1981
paper_11781,1982
paper_11782,1983
paper_11783,1984
paper_11784,1985
paper_11785,1986
paper_11786,1987
paper_11787,1988
paper_11788,1989
paper_11789,1990
paper_1179,1991
paper_11790,1992
paper_11791,1993
paper_11792,1994
paper_11793,1995
paper_11794,1996
paper_11795,1997
paper_11796,1998
paper_11797,1999
paper_11798,2000
paper_11799,2001
paper_118,2002
paper_1180,2003
paper_11800,2004
paper_11801,2005
paper_11802,2006
paper_11803,2007
paper_11804,2008
paper_11805,2009
paper_11806,2010
paper_11807,2011
paper_11808,2012
paper_11809,2013
paper_1181,2014
paper_11810,2015
paper_11811,2016
paper_11812,2017
paper_11813,2018
paper_11814,2019
paper_11815,2020
paper_11816,2021
paper_11817,2022
paper_11818,2023
paper_11819,2024
paper_1182,2025
paper_11820,2026
paper_11821,2027
paper_11822,2028
paper_11823,2029
paper_11824,2030
paper_11825,2031
paper_11826,2032
paper_11827,2033
paper_11828,2034
paper_11829,2035
paper_1183,2036
paper_11830,2037
paper_11831,2038
paper_11832,2039
paper_11833,2040
paper_11834,2041
paper_11835,2042
paper_11836,2043
paper_11837,2044
paper_11838,2045
paper_11839,2046
paper_1184,2047
paper_11840,2048
paper_11841,2049
paper_11842,2050
paper_11843,2051
paper_11844,2052
paper_11845,2053
paper_11846,2054
paper_11847,2055
paper_11848,2056
paper_11849,2057
paper_1185,2058
paper_11850,2059
paper_11851,2060
paper_11852,2061
paper_11853,2062
paper_11854,2063
paper_11855,2064
paper_11856,2065
paper_11857,2066
paper_11858,2067
paper_11859,2068
paper_1186,2069
paper_11860,2070
paper_11861,2071
paper_11862,2072
paper_11863,2073
paper_11864,2074
paper_11865,2075
paper_11866,2076
paper_11867,2077
paper_11868,2078
paper_11869,2079
paper_1187,2080
paper_11870,2081
paper_11871,2082
paper_11872,2083
paper_11873,2084
paper_11874,2085
paper_11875,2086
paper_11876,2087
paper_11877,2088
paper_11878,2089
paper_11879,2090
paper_1188,2091
paper_11880,2092
paper_11881,2093
paper_11882,2094
paper_11883,2095
paper_11884,2096
paper_11885,2097
paper_11886,2098
paper_11887,2099
paper_11888,2100
paper_11889,2101
paper_1189,2102
paper_11890,2103
paper_11891,2104
paper_11892,2105
paper_11893,2106
paper_11894,2107
paper_11895,2108
paper_11896,2109
paper_11897,2110
paper_11898,2111
paper_11899,2112
paper_119,2113
paper_1190,2114
paper_11900,2115
paper_11901,2116
paper_11902,2117
paper_11903,2118
paper_11904,2119
paper_11905,2120
paper_11906,2121
paper_11907,2122
paper_11908,2123
paper_11909,2124
paper_1191,2125
paper_11910,2126
paper_11911,2127
paper_11912,2128
paper_11913,2129
paper_11914,2130
paper_11915,2131
paper_11916,2132
paper_11917,2133
paper_11918,2134
paper_11919,2135
paper_1192,2136
paper_11920,2137
paper_11921,2138
paper_11922,2139
paper_11923,2140
paper_11924,2141
paper_11925,2142
paper_11926,2143
paper_11927,2144
paper_11928,2145
paper_11929,2146
paper_1193,2147
paper_11930,2148
paper_11931,2149
paper_11932,2150
paper_11933,2151
paper_11934,2152
paper_11935,2153
paper_11936,2154
paper_11937,2155
paper_11938,2156
paper_11939,2157
paper_1194,2158
paper_11940,2159
paper_11941,2160
paper_11942,2161
paper_11943,2162
paper_11944,2163
paper_11945,2164
paper_11946,2165
paper_11947,2166
paper_11948,2167
paper_11949,2168
paper_1195,2169
paper_11950,2170
paper_11951,2171
paper_11952,2172
paper_11953,2173
paper_11954,2174
paper_11955,2175
paper_11956,2176
paper_11957,2177
paper_11958,2178
paper_11959,2179
paper_1196,2180
paper_11960,2181
paper_11961,2182
paper_11962,2183
paper_11963,2184
paper_11964,2185
paper_11965,2186
paper_11966,2187
paper_11967,2188
paper_11968,2189
paper_11969,2190
paper_1197,2191
paper_11970,2192
paper_11971,2193
paper_11972,2194
paper_11973,2195
paper_11974,2196
paper_11975,2197
paper_11976,2198
paper_11977,2199
paper_11978,2200
paper_11979,2201
paper_1198,2202
paper_11980,2203
paper_11981,2204
paper_11982,2205
paper_11983,2206
paper_11984,2207
paper_11985,2208
paper_11986,2209
paper_11987,2210
paper_11988,2211
paper_11989,2212
paper_1199,2213
paper_11990,2214
paper_11991,2215
paper_11992,2216
paper_11993,2217
paper_11994,2218
paper_11995,2219
paper_11996,2220
paper_11997,2221
paper_11998,2222
paper_11999,2223
paper_12,2224
paper_120,2225
paper_1200,2226
paper_12000,2227
paper_12001,2228
paper_12002,2229
paper_12003,2230
paper_12004,2231
paper_12005,2232
paper_12006,2233
paper_12007,2234
paper_12008,2235
paper_12009,2236
paper_1201,2237
paper_12010,2238
paper_12011,2239
paper_12012,2240
paper_12013,2241
paper_12014,2242
paper_12015,2243
paper_12016,2244
paper_12017,2245
paper_12018,2246
paper_12019,2247
paper_1202,2248
paper_12020,2249
paper_12021,2250
paper_12022,2251
paper_12023,2252
paper_12024,2253
paper_12025,2254
paper_12026,2255
paper_12027,2256
paper_12028,2257
paper_12029,2258
paper_1203,2259
paper_12030,2260
paper_12031,2261
paper_12032,2262
paper_12033,2263
paper_12034,2264
paper_12035,2265
paper_12036,2266
paper_12037,2267
paper_12038,2268
paper_12039,2269
paper_1204,2270
paper_12040,2271
paper_12041,2272
paper_12042,2273
paper_12043,2274
paper_12044,2275
paper_12045,2276
paper_12046,2277
paper_12047,2278
paper_12048,2279
paper_12049,2280
paper_1205,2281
paper_12050,2282
paper_12051,2283
paper_12052,2284
paper_12053,2285
paper_12054,2286
paper_12055,2287
paper_12056,2288
paper_12057,2289
paper_12058,2290
paper_12059,2291
paper_1206,2292
paper_12060,2293
paper_12061,2294
paper_12062,2295
paper_12063,2296
paper_12064,2297
paper_12065,2298
paper_12066,2299
paper_12067,2300
paper_12068,2301
paper_12069,2302
paper_1207,2303
paper_12070,2304
paper_12071,2305
paper_12072,2306
paper_12073,2307
paper_12074,2308
paper_12075,2309
paper_12076,2310
paper_12077,2311
paper_12078,2312
paper_12079,2313
paper_1208,2314
paper_12080,2315
paper_12081,2316
paper_12082,2317
paper_12083,2318
paper_12084,2319
paper_12085,2320
paper_12086,2321
paper_12087,2322
paper_12088,2323
paper_12089,2324
paper_1209,2325
paper_12090,2326
paper_12091,2327
paper_12092,2328
paper_12093,2329
paper_12094,2330
paper_12095,2331
paper_12096,2332
paper_12097,2333
paper_12098,2334
paper_12099,2335
paper_121,2336
paper_1210,2337
paper_12100,2338
paper_12101,2339
paper_12102,2340
paper_12103,2341
paper_12104,2342
paper_12105,2343
paper_12106,2344
paper_12107,2345
paper_12108,2346
paper_12109,2347
paper_1211,2348
paper_12110,2349
paper_12111,2350
paper_12112,2351
paper_12113,2352
paper_12114,2353
paper_12115,2354
paper_12116,2355
paper_12117,2356
paper_12118,2357
paper_12119,2358
paper_1212,2359
paper_12120,2360
paper_12121,2361
paper_12122,2362
paper_12123,2363
paper_12124,2364
paper_12125,2365
paper_12126,2366
paper_12127,2367
paper_12128,2368
paper_12129,2369
paper_1213,2370
paper_12130,2371
paper_12131,2372
paper_12132,2373
paper_12133,2374
paper_12134,2375
paper_12135,2376
paper_12136,2377
paper_12137,2378
paper_12138,2379
paper_12139,2380
paper_1214,2381
paper_12140,2382
paper_12141,2383
paper_12142,2384
paper_12143,2385
paper_12144,2386
paper_12145,2387
paper_12146,2388
paper_12147,2389
paper_12148,2390
paper_12149,2391
paper_1215,2392
paper_12150,2393
paper_12151,2394
paper_12152,2395
paper_12153,2396
paper_12154,2397
paper_12155,2398
paper_12156,2399
paper_12157,2400
paper_12158,2401
paper_12159,2402
paper_1216,2403
paper_12160,2404
paper_12161,2405
paper_12162,2406
paper_12163,2407
paper_12164,2408
paper_12165,2409
paper_12166,2410
paper_12167,2411
paper_12168,2412
paper_12169,2413
paper_1217,2414
paper_12170,2415
paper_12171,2416
paper_12172,2417
paper_12173,2418
paper_12174,2419
paper_12175,2420
paper_12176,2421
paper_12177,2422
paper_12178,2423
paper_12179,2424
paper_1218,2425
paper_12180,2426
paper_12181,2427
paper_12182,2428
paper_12183,2429
paper_12184,2430
paper_12185,2431
paper_12186,2432
paper_12187,2433
paper_12188,2434
paper_12189,2435
paper_1219,2436
paper_12190,2437
paper_12191,2438
paper_12192,2439
paper_12193,2440
paper_12194,2441
paper_12195,2442
paper_12196,2443
paper_12197,2444
paper_12198,2445
paper_12199,2446
paper_122,2447
paper_1220,2448
paper_12200,2449
paper_12201,2450
paper_12202,2451
paper_12203,2452
paper_12204,2453
paper_12205,2454
paper_12206,2455
paper_12207,2456
paper_12208,2457
paper_12209,2458
paper_1221,2459
paper_12210,2460
paper_12211,2461
paper_12212,2462
paper_12213,2463
paper_12214,2464
paper_12215,2465
paper_12216,2466
paper_12217,2467
paper_12218,2468
paper_12219,2469
paper_1222,2470
paper_12220,2471
paper_12221,2472
paper_12222,2473
paper_12223,2474
paper_12224,2475
paper_12225,2476
paper_12226,2477
paper_12227,2478
paper_12228,2479
paper_12229,2480
paper_1223,2481
paper_12230,2482
paper_12231,2483
paper_12232,2484
paper_12233,2485
paper_12234,2486
paper_12235,2487
paper_12236,2488
paper_12237,2489
paper_12238,2490
paper_12239,2491
paper_1224,2492
paper_12240,2493
paper_12241,2494
paper_12242,2495
paper_12243,2496
paper_12244,2497
paper_12245,2498
paper_12246,2499
paper_12247,2500
paper_12248,2501
paper_12249,2502
paper_1225,2503
paper_12250,2504
paper_12251,2505
paper_12252,2506
paper_12253,2507
paper_12254,2508
paper_12255,2509
paper_12256,2510
paper_12257,2511
paper_12258,2512
paper_12259,2513
paper_1226,2514
paper_12260,2515
paper_12261,2516
paper_12262,2517
paper_12263,2518
paper_12264,2519
paper_12265,2520
paper_12266,2521
paper_12267,2522
paper_12268,2523
paper_12269,2524
paper_1227,2525
paper_12270,2526
paper_12271,2527
paper_12272,2528
paper_12273,2529
paper_12274,2530
paper_12275,2531
paper_12276,2532
paper_12277,2533
paper_12278,2534
paper_12279,2535
paper_1228,2536
paper_12280,2537
paper_12281,2538
paper_12282,2539
paper_12283,2540
paper_12284,2541
paper_12285,2542
paper_12286,2543
paper_12287,2544
paper_12288,2545
paper_12289,2546
paper_1229,2547
paper_12290,2548
paper_12291,2549
paper_12292,2550
paper_12293,2551
paper_12294,2552
paper_12295,2553
paper_12296,2554
paper_12297,2555
paper_12298,2556
paper_12299,2557
paper_123,2558
paper_1230,2559
paper_12300,2560
paper_12301,2561
paper_12302,2562
paper_12303,2563
paper_12304,2564
paper_12305,2565
paper_12306,2566
paper_12307,2567
paper_12308,2568
paper_12309,2569
paper_1231,2570
paper_12310,2571
paper_12311,2572
paper_12312,2573
paper_12313,2574
paper_12314,2575
paper_12315,2576
paper_12316,2577
paper_12317,2578
paper_12318,2579
paper_12319,2580
paper_1232,2581
paper_12320,2582
paper_12321,2583
paper_12322,2584
paper_12323,2585
paper_12324,2586
paper_12325,2587
paper_12326,2588
paper_12327,2589
paper_12328,2590
paper_12329,2591
paper_1233,2592
paper_12330,2593
paper_12331,2594
paper_12332,2595
paper_12333,2596
paper_12334,2597
paper_12335,2598
paper_12336,2599
paper_12337,2600
paper_12338,2601
paper_12339,2602
paper_1234,2603
paper_12340,2604
paper_12341,2605
paper_12342,2606
paper_12343,2607
paper_12344,2608
paper_12345,2609
paper_12346,2610
paper_12347,2611
paper_12348,2612
paper_12349,2613
paper_1235,2614
paper_12350,2615
paper_12351,2616
paper_12352,2617
paper_12353,2618
paper_12354,2619
paper_12355,2620
paper_12356,2621
paper_12357,2622
paper_12358,2623
paper_12359,2624
paper_1236,2625
paper_12360,2626
paper_12361,2627
paper_12362,2628
paper_12363,2629
paper_12364,2630
paper_12365,2631
paper_12366,2632
paper_12367,2633
paper_12368,2634
paper_12369,2635
paper_1237,2636
paper_12370,2637
paper_12371,2638
paper_12372,2639
paper_12373,2640
paper_12374,2641
paper_12375,2642
paper_12376,2643
paper_12377,2644
paper_12378,2645
paper_12379,2646
paper_1238,2647
paper_12380,2648
paper_12381,2649
paper_12382,2650
paper_12383,2651
paper_12384,2652
paper_12385,2653
paper_12386,2654
paper_12387,2655
paper_12388,2656
paper_12389,2657
paper_1239,2658
paper_12390,2659
paper_12391,2660
paper_12392,2661
paper_12393,2662
paper_12394,2663
paper_12395,2664
paper_12396,2665
paper_12397,2666
paper_12398,2667
paper_12399,2668
paper_124,2669
paper_1240,2670
paper_12400,2671
paper_12401,2672
paper_12402,2673
paper_12403,2674
paper_12404,2675
paper_12405,2676
paper_12406,2677
paper_12407,2678
paper_12408,2679
paper_12409,2680
paper_1241,2681
paper_12410,2682
paper_12411,2683
paper_12412,2684
paper_12413,2685
paper_12414,2686
paper_12415,2687
paper_12416,2688
paper_12417,2689
paper_12418,2690
paper_12419,2691
paper_1242,2692
paper_12420,2693
paper_12421,2694
paper_12422,2695
paper_12423,2696
paper_12424,2697
paper_12425,2698
paper_12426,2699
paper_12427,2700
paper_12428,2701
paper_12429,2702
paper_1243,2703
paper_12430,2704
paper_12431,2705
paper_12432,2706
paper_12433,2707
paper_12434,2708
paper_12435,2709
paper_12436,2710
paper_12437,2711
paper_12438,2712
paper_12439,2713
paper_1244,2714
paper_12440,2715
paper_12441,2716
paper_12442,2717
paper_12443,2718
paper_12444,2719
paper_12445,2720
paper_12446,2721
paper_12447,2722
paper_12448,2723
paper_12449,2724
paper_1245,2725
paper_12450,2726
paper_12451,2727
paper_12452,2728
paper_12453,2729
paper_12454,2730
paper_12455,2731
paper_12456,2732
paper_12457,2733
paper_12458,2734
paper_12459,2735
paper_1246,2736
paper_12460,2737
paper_12461,2738
paper_12462,2739
paper_12463,2740
paper_12464,2741
paper_12465,2742
paper_12466,2743
paper_12467,2744
paper_12468,2745
paper_12469,2746
paper_1247,2747
paper_12470,2748
paper_12471,2749
paper_12472,2750
paper_12473,2751
paper_12474,2752
paper_12475,2753
paper_12476,2754
paper_12477,2755
paper_12478,2756
paper_12479,2757
paper_1248,2758
paper_12480,2759
paper_12481,2760
paper_12482,2761
paper_12483,2762
paper_12484,2763
paper_12485,2764
paper_12486,2765
paper_12487,2766
paper_12488,2767
paper_12489,2768
paper_1249,2769
paper_12490,2770
paper_12491,2771
paper_12492,2772
paper_12493,2773
paper_12494,2774
paper_12495,2775
paper_12496,2776
paper_12497,2777
paper_12498,2778
paper_12499,2779
paper_125,2780
paper_1250,2781
paper_12500,2782
paper_12501,2783
paper_12502,2784
paper_12503,2785
paper_12504,2786
paper_12505,2787
paper_12506,2788
paper_12507,2789
paper_12508,2790
paper_12509,2791
paper_1251,2792
paper_12510,2793
paper_12511,2794
paper_12512,2795
paper_12513,2796
paper_12514,2797
paper_12515,2798
paper_12516,2799
paper_12517,2800
paper_12518,2801
paper_12519,2802
paper_1252,2803
paper_12520,2804
paper_12521,2805
paper_12522,2806
paper_12523,2807
paper_12524,2808
paper_12525,2809
paper_12526,2810
paper_12527,2811
paper_12528,2812
paper_12529,2813
paper_1253,2814
paper_12530,2815
paper_12531,2816
paper_12532,2817
paper_12533,2818
paper_12534,2819
paper_12535,2820
paper_12536,2821
paper_12537,2822
paper_12538,2823
paper_12539,2824
paper_1254,2825
paper_12540,2826
paper_12541,2827
paper_12542,2828
paper_12543,2829
paper_12544,2830
paper_12545,2831
paper_12546,2832
paper_12547,2833
paper_12548,2834
paper_12549,2835
paper_1255,2836
paper_12550,2837
paper_12551,2838
paper_12552,2839
paper_12553,2840
paper_12554,2841
paper_12555,2842
paper_12556,2843
paper_12557,2844
paper_12558,2845
paper_12559,2846
paper_1256,2847
paper_12560,2848
paper_12561,2849
paper_12562,2850
paper_12563,2851
paper_12564,2852
paper_12565,2853
paper_12566,2854
paper_12567,2855
paper_12568,2856
paper_12569,2857
paper_1257,2858
paper_12570,2859
paper_12571,2860
paper_12572,2861
paper_12573,2862
paper_12574,2863
paper_12575,2864
paper_12576,2865
paper_12577,2866
paper_12578,2867
paper_12579,2868
paper_1258,2869
paper_12580,2870
paper_12581,2871
paper_12582,2872
paper_12583,2873
paper_12584,2874
paper_12585,2875
paper_12586,2876
paper_12587,2877
paper_12588,2878
paper_12589,2879
paper_1259,2880
paper_12590,2881
paper_12591,2882
paper_12592,2883
paper_12593,2884
paper_12594,2885
paper_12595,2886
paper_12596,2887
paper_12597,2888
paper_12598,2889
paper_12599,2890
paper_126,2891
paper_1260,2892
paper_12600,2893
paper_12601,2894
paper_12602,2895
paper_12603,2896
paper_12604,2897
paper_12605,2898
paper_12606,2899
paper_12607,2900
paper_12608,2901
paper_12609,2902
paper_1261,2903
paper_12610,2904
paper_12611,2905
paper_12612,2906
paper_12613,2907
paper_12614,2908
paper_12615,2909
paper_12616,2910
paper_12617,2911
paper_12618,2912
paper_12619,2913
paper_1262,2914
paper_12620,2915
paper_12621,2916
paper_12622,2917
paper_12623,2918
paper_12624,2919
paper_12625,2920
paper_12626,2921
paper_12627,2922
paper_12628,2923
paper_12629,2924
paper_1263,2925
paper_12630,2926
paper_12631,2927
paper_12632,2928
paper_12633,2929
paper_12634,2930
paper_12635,2931
paper_12636,2932
paper_12637,2933
paper_12638,2934
paper_12639,2935
paper_1264,2936
paper_12640,2937
paper_12641,2938
paper_12642,2939
paper_12643,2940
paper_12644,2941
paper_12645,2942
paper_12646,2943
paper_12647,2944
paper_12648,2945
paper_12649,2946
paper_1265,2947
paper_12650,2948
paper_12651,2949
paper_12652,2950
paper_12653,2951
paper_12654,2952
paper_12655,2953
paper_12656,2954
paper_12657,2955
paper_12658,2956
paper_12659,2957
paper_1266,2958
paper_12660,2959
paper_12661,2960
paper_12662,2961
paper_12663,2962
paper_12664,2963
paper_12665,2964
paper_12666,2965
paper_12667,2966
paper_12668,2967
paper_12669,2968
paper_1267,2969
paper_12670,2970
paper_12671,2971
paper_12672,2972
paper_12673,2973
paper_12674,2974
paper_12675,2975
paper_12676,2976
paper_12677,2977
paper_12678,2978
paper_12679,2979
paper_1268,2980
paper_12680,2981
paper_12681,2982
paper_12682,2983
paper_12683,2984
paper_12684,2985
paper_12685,2986
paper_12686,2987
paper_12687,2988
paper_12688,2989
paper_12689,2990
paper_1269,2991
paper_12690,2992
paper_12691,2993
paper_12692,2994
paper_12693,2995
paper_12694,2996
paper_12695,2997
paper_12696,2998
paper_12697,2999
paper_12698,3000
paper_12699,3001
paper_127,3002
paper_1270,3003
paper_12700,3004
paper_12701,3005
paper_12702,3006
paper_12703,3007
paper_12704,3008
paper_12705,3009
paper_12706,3010
paper_12707,3011
paper_12708,3012
paper_12709,3013
paper_1271,3014
paper_12710,3015
paper_12711,3016
paper_12712,3017
paper_12713,3018
paper_12714,3019
paper_12715,3020
paper_12716,3021
paper_12717,3022
paper_12718,3023
paper_12719,3024
paper_1272,3025
paper_12720,3026
paper_12721,3027
paper_12722,3028
paper_12723,3029
paper_12724,3030
paper_12725,3031
paper_12726,3032
paper_12727,3033
paper_12728,3034
paper_12729,3035
paper_1273,3036
paper_12730,3037
paper_12731,3038
paper_12732,3039
paper_12733,3040
paper_12734,3041
paper_12735,3042
paper_12736,3043
paper_12737,3044
paper_12738,3045
paper_12739,3046
paper_1274,3047
paper_12740,3048
paper_12741,3049
paper_12742,3050
paper_12743,3051
paper_12744,3052
paper_12745,3053
paper_12746,3054
paper_12747,3055
paper_12748,3056
paper_12749,3057
paper_1275,3058
paper_12750,3059
paper_12751,3060
paper_12752,3061
paper_12753,3062
paper_12754,3063
paper_12755,3064
paper_12756,3065
paper_12757,3066
paper_12758,3067
paper_12759,3068
paper_1276,3069
paper_12760,3070
paper_12761,3071
paper_12762,3072
paper_12763,3073
paper_12764,3074
paper_12765,3075
paper_12766,3076
paper_12767,3077
paper_12768,3078
paper_12769,3079
paper_1277,3080
paper_12770,3081
paper_12771,3082
paper_12772,3083
paper_12773,3084
paper_12774,3085
paper_12775,3086
paper_12776,3087
paper_12777,3088
paper_12778,3089
paper_12779,3090
paper_1278,3091
paper_12780,3092
paper_12781,3093
paper_12782,3094
paper_12783,3095
paper_12784,3096
paper_12785,3097
paper_12786,3098
paper_12787,3099
paper_12788,3100
paper_12789,3101
paper_1279,3102
paper_12790,3103
paper_12791,3104
paper_12792,3105
paper_12793,3106
paper_12794,3107
paper_12795,3108
paper_12796,3109
paper_12797,3110
paper_12798,3111
paper_12799,3112
paper_128,3113
paper_1280,3114
paper_12800,3115
paper_12801,3116
paper_12802,3117
paper_12803,3118
paper_12804,3119
paper_12805,3120
paper_12806,3121
paper_12807,3122
paper_12808,3123
paper_12809,3124
paper_1281,3125
paper_12810,3126
paper_12811,3127
paper_12812,3128
paper_12813,3129
paper_12814,3130
paper_12815,3131
paper_12816,3132
paper_12817,3133
paper_12818,3134
paper_12819,3135
paper_1282,3136
paper_12820,3137
paper_12821,3138
paper_12822,3139
paper_12823,3140
paper_12824,3141
paper_12825,3142
paper_12826,3143
paper_12827,3144
paper_12828,3145
paper_12829,3146
paper_1283,3147
paper_12830,3148
paper_12831,3149
paper_12832,3150
paper_12833,3151
paper_12834,3152
paper_12835,3153
paper_12836,3154
paper_12837,3155
paper_12838,3156
paper_12839,3157
paper_1284,3158
paper_12840,3159
paper_12841,3160
paper_12842,3161
paper_12843,3162
paper_12844,3163
paper_12845,3164
paper_12846,3165
paper_12847,3166
paper_12848,3167
paper_12849,3168
paper_1285,3169
paper_12850,3170
paper_12851,3171
paper_12852,3172
paper_12853,3173
paper_12854,3174
paper_12855,3175
paper_12856,3176
paper_12857,3177
paper_12858,3178
paper_12859,3179
paper_1286,3180
paper_12860,3181
paper_12861,3182
paper_12862,3183
paper_12863,3184
paper_12864,3185
paper_12865,3186
paper_12866,3187
paper_12867,3188
paper_12868,3189
paper_12869,3190
paper_1287,3191
paper_12870,3192
paper_12871,3193
paper_12872,3194
paper_12873,3195
paper_12874,3196
paper_12875,3197
paper_12876,3198
paper_12877,3199
paper_12878,3200
paper_12879,3201
paper_1288,3202
paper_12880,3203
paper_12881,3204
paper_12882,3205
paper_12883,3206
paper_12884,3207
paper_12885,3208
paper_12886,3209
paper_12887,3210
paper_12888,3211
paper_12889,3212
paper_1289,3213
paper_12890,3214
paper_12891,3215
paper_12892,3216
paper_12893,3217
paper_12894,3218
paper_12895,3219
paper_12896,3220
paper_12897,3221
paper_12898,3222
paper_12899,3223
paper_129,3224
paper_1290,3225
paper_12900,3226
paper_12901,3227
paper_12902,3228
paper_12903,3229
paper_12904,3230
paper_12905,3231
paper_12906,3232
paper_12907,3233
paper_12908,3234
paper_12909,3235
paper_1291,3236
paper_12910,3237
paper_12911,3238
paper_12912,3239
paper_12913,3240
paper_12914,3241
paper_12915,3242
paper_12916,3243
paper_12917,3244
paper_12918,3245
paper_12919,3246
paper_1292,3247
paper_12920,3248
paper_12921,3249
paper_12922,3250
paper_12923,3251
paper_12924,3252
paper_12925,3253
paper_12926,3254
paper_12927,3255
paper_12928,3256
paper_12929,3257
paper_1293,3258
paper_12930,3259
paper_12931,3260
paper_12932,3261
paper_12933,3262
paper_12934,3263
paper_12935,3264
paper_12936,3265
paper_12937,3266
paper_12938,3267
paper_12939,3268
paper_1294,3269
paper_12940,3270
paper_12941,3271
paper_12942,3272
paper_12943,3273
paper_12944,3274
paper_12945,3275
paper_12946,3276
paper_12947,3277
paper_12948,3278
paper_12949,3279
paper_1295,3280
paper_12950,3281
paper_12951,3282
paper_12952,3283
paper_12953,3284
paper_12954,3285
paper_12955,3286
paper_12956,3287
paper_12957,3288
paper_12958,3289
paper_12959,3290
paper_1296,3291
paper_12960,3292
paper_12961,3293
paper_12962,3294
paper_12963,3295
paper_12964,3296
paper_12965,3297
paper_12966,3298
paper_12967,3299
paper_12968,3300
paper_12969,3301
paper_1297,3302
paper_12970,3303
paper_12971,3304
paper_12972,3305
paper_12973,3306
paper_12974,3307
paper_12975,3308
paper_12976,3309
paper_12977,3310
paper_12978,3311
paper_12979,3312
paper_1298,3313
paper_12980,3314
paper_12981,3315
paper_12982,3316
paper_12983,3317
paper_12984,3318
paper_12985,3319
paper_12986,3320
paper_12987,3321
paper_12988,3322
paper_12989,3323
paper_1299,3324
paper_12990,3325
paper_12991,3326
paper_12992,3327
paper_12993,3328
paper_12994,3329
paper_12995,3330
paper_12996,3331
paper_12997,3332
paper_12998,3333
paper_12999,3334
paper_13,3335
paper_130,3336
paper_1300,3337
paper_13000,3338
paper_13001,3339
paper_13002,3340
paper_13003,3341
paper_13004,3342
paper_13005,3343
paper_13006,3344
paper_13007,3345
paper_13008,3346
paper_13009,3347
paper_1301,3348
paper_13010,3349
paper_13011,3350
paper_13012,3351
paper_13013,3352
paper_13014,3353
paper_13015,3354
paper_13016,3355
paper_13017,3356
paper_13018,3357
paper_13019,3358
paper_1302,3359
paper_13020,3360
paper_13021,3361
paper_13022,3362
paper_13023,3363
paper_13024,3364
paper_13025,3365
paper_13026,3366
paper_13027,3367
paper_13028,3368
paper_13029,3369
paper_1303,3370
paper_13030,3371
paper_13031,3372
paper_13032,3373
paper_13033,3374
paper_13034,3375
paper_13035,3376
paper_13036,3377
paper_13037,3378
paper_13038,3379
paper_13039,3380
paper_1304,3381
paper_13040,3382
paper_13041,3383
paper_13042,3384
paper_13043,3385
paper_13044,3386
paper_13045,3387
paper_13046,3388
paper_13047,3389
paper_13048,3390
paper_13049,3391
paper_1305,3392
paper_13050,3393
paper_13051,3394
paper_13052,3395
paper_13053,3396
paper_13054,3397
paper_13055,3398
paper_13056,3399
paper_13057,3400
paper_13058,3401
paper_13059,3402
paper_1306,3403
paper_13060,3404
paper_13061,3405
paper_13062,3406
paper_13063,3407
paper_13064,3408
paper_13065,3409
paper_13066,3410
paper_13067,3411
paper_13068,3412
paper_13069,3413
paper_1307,3414
paper_13070,3415
paper_13071,3416
paper_13072,3417
paper_13073,3418
paper_13074,3419
paper_13075,3420
paper_13076,3421
paper_13077,3422
paper_13078,3423
paper_13079,3424
paper_1308,3425
paper_13080,3426
paper_13081,3427
paper_13082,3428
paper_13083,3429
paper_13084,3430
paper_13085,3431
paper_13086,3432
paper_13087,3433
paper_13088,3434
paper_13089,3435
paper_1309,3436
paper_13090,3437
paper_13091,3438
paper_13092,3439
paper_13093,3440
paper_13094,3441
paper_13095,3442
paper_13096,3443
paper_13097,3444
paper_13098,3445
paper_13099,3446
paper_131,3447
paper_1310,3448
paper_13100,3449
paper_13101,3450
paper_13102,3451
paper_13103,3452
paper_13104,3453
paper_13105,3454
paper_13106,3455
paper_13107,3456
paper_13108,3457
paper_13109,3458
paper_1311,3459
paper_13110,3460
paper_13111,3461
paper_13112,3462
paper_13113,3463
paper_13114,3464
paper_13115,3465
paper_13116,3466
paper_13117,3467
paper_13118,3468
paper_13119,3469
paper_1312,3470
paper_13120,3471
paper_13121,3472
paper_13122,3473
paper_13123,3474
paper_13124,3475
paper_13125,3476
paper_13126,3477
paper_13127,3478
paper_13128,3479
paper_13129,3480
paper_1313,3481
paper_13130,3482
paper_13131,3483
paper_13132,3484
paper_13133,3485
paper_13134,3486
paper_13135,3487
paper_13136,3488
paper_13137,3489
paper_13138,3490
paper_13139,3491
paper_1314,3492
paper_13140,3493
paper_13141,3494
paper_13142,3495
paper_13143,3496
paper_13144,3497
paper_13145,3498
paper_13146,3499
paper_13147,3500
paper_13148,3501
paper_13149,3502
paper_1315,3503
paper_13150,3504
paper_13151,3505
paper_13152,3506
paper_13153,3507
paper_13154,3508
paper_13155,3509
paper_13156,3510
paper_13157,3511
paper_13158,3512
paper_13159,3513
paper_1316,3514
paper_13160,3515
paper_13161,3516
paper_13162,3517
paper_13163,3518
paper_13164,3519
paper_13165,3520
paper_13166,3521
paper_13167,3522
paper_13168,3523
paper_13169,3524
paper_1317,3525
paper_13170,3526
paper_13171,3527
paper_13172,3528
paper_13173,3529
paper_13174,3530
paper_13175,3531
paper_13176,3532
paper_13177,3533
paper_13178,3534
paper_13179,3535
paper_1318,3536
paper_13180,3537
paper_13181,3538
paper_13182,3539
paper_13183,3540
paper_13184,3541
paper_13185,3542
paper_13186,3543
paper_13187,3544
paper_13188,3545
paper_13189,3546
paper_1319,3547
paper_13190,3548
paper_13191,3549
paper_13192,3550
paper_13193,3551
paper_13194,3552
paper_13195,3553
paper_13196,3554
paper_13197,3555
paper_13198,3556
paper_13199,3557
paper_132,3558
paper_1320,3559
paper_13200,3560
paper_13201,3561
paper_13202,3562
paper_13203,3563
paper_13204,3564
paper_13205,3565
paper_13206,3566
paper_13207,3567
paper_13208,3568
paper_13209,3569
paper_1321,3570
paper_13210,3571
paper_13211,3572
paper_13212,3573
paper_13213,3574
paper_13214,3575
paper_13215,3576
paper_13216,3577
paper_13217,3578
paper_13218,3579
paper_13219,3580
paper_1322,3581
paper_13220,3582
paper_13221,3583
paper_13222,3584
paper_13223,3585
paper_13224,3586
paper_13225,3587
paper_13226,3588
paper_13227,3589
paper_13228,3590
paper_13229,3591
paper_1323,3592
paper_13230,3593
paper_13231,3594
paper_13232,3595
paper_13233,3596
paper_13234,3597
paper_13235,3598
paper_13236,3599
paper_13237,3600
paper_13238,3601
paper_13239,3602
paper_1324,3603
paper_13240,3604
paper_13241,3605
paper_13242,3606
paper_13243,3607
paper_13244,3608
paper_13245,3609
paper_13246,3610
paper_13247,3611
paper_13248,3612
paper_13249,3613
paper_1325,3614
paper_13250,3615
paper_13251,3616
paper_13252,3617
paper_13253,3618
paper_13254,3619
paper_13255,3620
paper_13256,3621
paper_13257,3622
paper_13258,3623
paper_13259,3624
paper_1326,3625
paper_13260,3626
paper_13261,3627
paper_13262,3628
paper_13263,3629
paper_13264,3630
paper_13265,3631
paper_13266,3632
paper_13267,3633
paper_13268,3634
paper_13269,3635
paper_1327,3636
paper_13270,3637
paper_13271,3638
paper_13272,3639
paper_13273,3640
paper_13274,3641
paper_13275,3642
paper_13276,3643
paper_13277,3644
paper_13278,3645
paper_13279,3646
paper_1328,3647
paper_13280,3648
paper_13281,3649
paper_13282,3650
paper_13283,3651
paper_13284,3652
paper_13285,3653
paper_13286,3654
paper_13287,3655
paper_13288,3656
paper_13289,3657
paper_1329,3658
paper_13290,3659
paper_13291,3660
paper_13292,3661
paper_13293,3662
paper_13294,3663
paper_13295,3664
paper_13296,3665
paper_13297,3666
paper_13298,3667
paper_13299,3668
paper_133,3669
paper_1330,3670
paper_13300,3671
paper_13301,3672
paper_13302,3673
paper_13303,3674
paper_13304,3675
paper_13305,3676
paper_13306,3677
paper_13307,3678
paper_13308,3679
paper_13309,3680
paper_1331,3681
paper_13310,3682
paper_13311,3683
paper_13312,3684
paper_13313,3685
paper_13314,3686
paper_13315,3687
paper_13316,3688
paper_13317,3689
paper_13318,3690
paper_13319,3691
paper_1332,3692
paper_13320,3693
paper_13321,3694
paper_13322,3695
paper_13323,3696
paper_13324,3697
paper_13325,3698
paper_13326,3699
paper_13327,3700
paper_13328,3701
paper_13329,3702
paper_1333,3703
paper_13330,3704
paper_13331,3705
paper_13332,3706
paper_13333,3707
paper_13334,3708
paper_13335,3709
paper_13336,3710
paper_13337,3711
paper_13338,3712
paper_13339,3713
paper_1334,3714
paper_13340,3715
paper_13341,3716
paper_13342,3717
paper_13343,3718
paper_13344,3719
paper_13345,3720
paper_13346,3721
paper_13347,3722
paper_13348,3723
paper_13349,3724
paper_1335,3725
paper_13350,3726
paper_13351,3727
paper_13352,3728
paper_13353,3729
paper_13354,3730
paper_13355,3731
paper_13356,3732
paper_13357,3733
paper_13358,3734
paper_13359,3735
paper_1336,3736
paper_13360,3737
paper_13361,3738
paper_13362,3739
paper_13363,3740
paper_13364,3741
paper_13365,3742
paper_13366,3743
paper_13367,3744
paper_13368,3745
paper_13369,3746
paper_1337,3747
paper_13370,3748
paper_13371,3749
paper_13372,3750
paper_13373,3751
paper_13374,3752
paper_13375,3753
paper_13376,3754
paper_13377,3755
paper_13378,3756
paper_13379,3757
paper_1338,3758
paper_13380,3759
paper_13381,3760
paper_13382,3761
paper_13383,3762
paper_13384,3763
paper_13385,3764
paper_13386,3765
paper_13387,3766
paper_13388,3767
paper_13389,3768
paper_1339,3769
paper_13390,3770
paper_13391,3771
paper_13392,3772
paper_13393,3773
paper_13394,3774
paper_13395,3775
paper_13396,3776
paper_13397,3777
paper_13398,3778
paper_13399,3779
paper_134,3780
paper_1340,3781
paper_13400,3782
paper_13401,3783
paper_13402,3784
paper_13403,3785
paper_13404,3786
paper_13405,3787
paper_13406,3788
paper_13407,3789
paper_13408,3790
paper_13409,3791
paper_1341,3792
paper_13410,3793
paper_13411,3794
paper_13412,3795
paper_13413,3796
paper_13414,3797
paper_13415,3798
paper_13416,3799
paper_13417,3800
paper_13418,3801
paper_13419,3802
paper_1342,3803
paper_13420,3804
paper_13421,3805
paper_13422,3806
paper_13423,3807
paper_13424,3808
paper_13425,3809
paper_13426,3810
paper_13427,3811
paper_13428,3812
paper_13429,3813
paper_1343,3814
paper_13430,3815
paper_13431,3816
paper_13432,3817
paper_13433,3818
paper_13434,3819
paper_13435,3820
paper_13436,3821
paper_13437,3822
paper_13438,3823
paper_13439,3824
paper_1344,3825
paper_13440,3826
paper_13441,3827
paper_13442,3828
paper_13443,3829
paper_13444,3830
paper_13445,3831
paper_13446,3832
paper_13447,3833
paper_13448,3834
paper_13449,3835
paper_1345,3836
paper_13450,3837
paper_13451,3838
paper_13452,3839
paper_13453,3840
paper_13454,3841
paper_13455,3842
paper_13456,3843
paper_13457,3844
paper_13458,3845
paper_13459,3846
paper_1346,3847
paper_13460,3848
paper_13461,3849
paper_13462,3850
paper_13463,3851
paper_13464,3852
paper_13465,3853
paper_13466,3854
paper_13467,3855
paper_13468,3856
paper_13469,3857
paper_1347,3858
paper_13470,3859
paper_13471,3860
paper_13472,3861
paper_13473,3862
paper_13474,3863
paper_13475,3864
paper_13476,3865
paper_13477,3866
paper_13478,3867
paper_13479,3868
paper_1348,3869
paper_13480,3870
paper_13481,3871
paper_13482,3872
paper_13483,3873
paper_13484,3874
paper_13485,3875
paper_13486,3876
paper_13487,3877
paper_13488,3878
paper_13489,3879
paper_1349,3880
paper_13490,3881
paper_13491,3882
paper_13492,3883
paper_13493,3884
paper_13494,3885
paper_13495,3886
paper_13496,3887
paper_13497,3888
paper_13498,3889
paper_13499,3890
paper_135,3891
paper_1350,3892
paper_13500,3893
paper_13501,3894
paper_13502,3895
paper_13503,3896
paper_13504,3897
paper_13505,3898
paper_13506,3899
paper_13507,3900
paper_13508,3901
paper_13509,3902
paper_1351,3903
paper_13510,3904
paper_13511,3905
paper_13512,3906
paper_13513,3907
paper_13514,3908
paper_13515,3909
paper_13516,3910
paper_13517,3911
paper_13518,3912
paper_13519,3913
paper_1352,3914
paper_13520,3915
paper_13521,3916
paper_13522,3917
paper_13523,3918
paper_13524,3919
paper_13525,3920
paper_13526,3921
paper_13527,3922
paper_13528,3923
paper_13529,3924
paper_1353,3925
paper_13530,3926
paper_13531,3927
paper_13532,3928
paper_13533,3929
paper_13534,3930
paper_13535,3931
paper_13536,3932
paper_13537,3933
paper_13538,3934
paper_13539,3935
paper_1354,3936
paper_13540,3937
paper_13541,3938
paper_13542,3939
paper_13543,3940
paper_13544,3941
paper_13545,3942
paper_13546,3943
paper_13547,3944
paper_13548,3945
paper_13549,3946
paper_1355,3947
paper_13550,3948
paper_13551,3949
paper_13552,3950
paper_13553,3951
paper_13554,3952
paper_13555,3953
paper_13556,3954
paper_13557,3955
paper_13558,3956
paper_13559,3957
paper_1356,3958
paper_13560,3959
paper_13561,3960
paper_13562,3961
paper_13563,3962
paper_13564,3963
paper_13565,3964
paper_13566,3965
paper_13567,3966
paper_13568,3967
paper_13569,3968
paper_1357,3969
paper_13570,3970
paper_13571,3971
paper_13572,3972
paper_13573,3973
paper_13574,3974
paper_13575,3975
paper_13576,3976
paper_13577,3977
paper_13578,3978
paper_13579,3979
paper_1358,3980
paper_13580,3981
paper_13581,3982
paper_13582,3983
paper_13583,3984
paper_13584,3985
paper_13585,3986
paper_13586,3987
paper_13587,3988
paper_13588,3989
paper_13589,3990
paper_1359,3991
paper_13590,3992
paper_13591,3993
paper_13592,3994
paper_13593,3995
paper_13594,3996
paper_13595,3997
paper_13596,3998
paper_13597,3999
paper_13598,4000
paper_13599,4001
paper_136,4002
paper_1360,4003
paper_13600,4004
paper_13601,4005
paper_13602,4006
paper_13603,4007
paper_13604,4008
paper_13605,4009
paper_13606,4010
paper_13607,4011
paper_13608,4012
paper_13609,4013
paper_1361,4014
paper_13610,4015
paper_13611,4016
paper_13612,4017
paper_13613,4018
paper_13614,4019
paper_13615,4020
paper_13616,4021
paper_13617,4022
paper_13618,4023
paper_13619,4024
paper_1362,4025
paper_13620,4026
paper_13621,4027
paper_13622,4028
paper_13623,4029
paper_13624,4030
paper_13625,4031
paper_13626,4032
paper_13627,4033
paper_13628,4034
paper_13629,4035
paper_1363,4036
paper_13630,4037
paper_13631,4038
paper_13632,4039
paper_13633,4040
paper_13634,4041
paper_13635,4042
paper_13636,4043
paper_13637,4044
paper_13638,4045
paper_13639,4046
paper_1364,4047
paper_13640,4048
paper_13641,4049
paper_13642,4050
paper_13643,4051
paper_13644,4052
paper_13645,4053
paper_13646,4054
paper_13647,4055
paper_13648,4056
paper_13649,4057
paper_1365,4058
paper_13650,4059
paper_13651,4060
paper_13652,4061
paper_13653,4062
paper_13654,4063
paper_13655,4064
paper_13656,4065
paper_13657,4066
paper_13658,4067
paper_13659,4068
paper_1366,4069
paper_13660,4070
paper_13661,4071
paper_13662,4072
paper_13663,4073
paper_13664,4074
paper_13665,4075
paper_13666,4076
paper_13667,4077
paper_13668,4078
paper_13669,4079
paper_1367,4080
paper_13670,4081
paper_13671,4082
paper_13672,4083
paper_13673,4084
paper_13674,4085
paper_13675,4086
paper_13676,4087
paper_13677,4088
paper_13678,4089
paper_13679,4090
paper_1368,4091
paper_13680,4092
paper_13681,4093
paper_13682,4094
paper_13683,4095
paper_13684,4096
paper_13685,4097
paper_13686,4098
paper_13687,4099
paper_13688,4100
paper_13689,4101
paper_1369,4102
paper_13690,4103
paper_13691,4104
paper_13692,4105
paper_13693,4106
paper_13694,4107
paper_13695,4108
paper_13696,4109
paper_13697,4110
paper_13698,4111
paper_13699,4112
paper_137,4113
paper_1370,4114
paper_13700,4115
paper_13701,4116
paper_13702,4117
paper_13703,4118
paper_13704,4119
paper_13705,4120
paper_13706,4121
paper_13707,4122
paper_13708,4123
paper_13709,4124
paper_1371,4125
paper_13710,4126
paper_13711,4127
paper_13712,4128
paper_13713,4129
paper_13714,4130
paper_13715,4131
paper_13716,4132
paper_13717,4133
paper_13718,4134
paper_13719,4135
paper_1372,4136
paper_13720,4137
paper_13721,4138
paper_13722,4139
paper_13723,4140
paper_13724,4141
paper_13725,4142
paper_13726,4143
paper_13727,4144
paper_13728,4145
paper_13729,4146
paper_1373,4147
paper_13730,4148
paper_13731,4149
paper_13732,4150
paper_13733,4151
paper_13734,4152
paper_13735,4153
paper_13736,4154
paper_13737,4155
paper_13738,4156
paper_13739,4157
paper_1374,4158
paper_13740,4159
paper_13741,4160
paper_13742,4161
paper_13743,4162
paper_13744,4163
paper_13745,4164
paper_13746,4165
paper_13747,4166
paper_13748,4167
paper_13749,4168
paper_1375,4169
paper_13750,4170
paper_13751,4171
paper_13752,4172
paper_13753,4173
paper_13754,4174
paper_13755,4175
paper_13756,4176
paper_13757,4177
paper_13758,4178
paper_13759,4179
paper_1376,4180
paper_13760,4181
paper_13761,4182
paper_13762,4183
paper_13763,4184
paper_13764,4185
paper_13765,4186
paper_13766,4187
paper_13767,4188
paper_13768,4189
paper_13769,4190
paper_1377,4191
paper_13770,4192
paper_13771,4193
paper_13772,4194
paper_13773,4195
paper_13774,4196
paper_13775,4197
paper_13776,4198
paper_13777,4199
paper_13778,4200
paper_13779,4201
paper_1378,4202
paper_13780,4203
paper_13781,4204
paper_13782,4205
paper_13783,4206
paper_13784,4207
paper_13785,4208
paper_13786,4209
paper_13787,4210
paper_13788,4211
paper_13789,4212
paper_1379,4213
paper_13790,4214
paper_13791,4215
paper_13792,4216
paper_13793,4217
paper_13794,4218
paper_13795,4219
paper_13796,4220
paper_13797,4221
paper_13798,4222
paper_13799,4223
paper_138,4224
paper_1380,4225
paper_13800,4226
paper_13801,4227
paper_13802,4228
paper_13803,4229
paper_13804,4230
paper_13805,4231
paper_13806,4232
paper_13807,4233
paper_13808,4234
paper_13809,4235
paper_1381,4236
paper_13810,4237
paper_13811,4238
paper_13812,4239
paper_13813,4240
paper_13814,4241
paper_13815,4242
paper_13816,4243
paper_13817,4244
paper_13818,4245
paper_13819,4246
paper_1382,4247
paper_13820,4248
paper_13821,4249
paper_13822,4250
paper_13823,4251
paper_13824,4252
paper_13825,4253
paper_13826,4254
paper_13827,4255
paper_13828,4256
paper_13829,4257
paper_1383,4258
paper_13830,4259
paper_13831,4260
paper_13832,4261
paper_13833,4262
paper_13834,4263
paper_13835,4264
paper_13836,4265
paper_13837,4266
paper_13838,4267
paper_13839,4268
paper_1384,4269
paper_13840,4270
paper_13841,4271
paper_13842,4272
paper_13843,4273
paper_13844,4274
paper_13845,4275
paper_13846,4276
paper_13847,4277
paper_13848,4278
paper_13849,4279
paper_1385,4280
paper_13850,4281
paper_13851,4282
paper_13852,4283
paper_13853,4284
paper_13854,4285
paper_13855,4286
paper_13856,4287
paper_13857,4288
paper_13858,4289
paper_13859,4290
paper_1386,4291
paper_13860,4292
paper_13861,4293
paper_13862,4294
paper_13863,4295
paper_13864,4296
paper_13865,4297
paper_13866,4298
paper_13867,4299
paper_13868,4300
paper_13869,4301
paper_1387,4302
paper_13870,4303
paper_13871,4304
paper_13872,4305
paper_13873,4306
paper_13874,4307
paper_13875,4308
paper_13876,4309
paper_13877,4310
paper_13878,4311
paper_13879,4312
paper_1388,4313
paper_13880,4314
paper_13881,4315
paper_13882,4316
paper_13883,4317
paper_13884,4318
paper_13885,4319
paper_13886,4320
paper_13887,4321
paper_13888,4322
paper_13889,4323
paper_1389,4324
paper_13890,4325
paper_13891,4326
paper_13892,4327
paper_13893,4328
paper_13894,4329
paper_13895,4330
paper_13896,4331
paper_13897,4332
paper_13898,4333
paper_13899,4334
paper_139,4335
paper_1390,4336
paper_13900,4337
paper_13901,4338
paper_13902,4339
paper_13903,4340
paper_13904,4341
paper_13905,4342
paper_13906,4343
paper_13907,4344
paper_13908,4345
paper_13909,4346
paper_1391,4347
paper_13910,4348
paper_13911,4349
paper_13912,4350
paper_13913,4351
paper_13914,4352
paper_13915,4353
paper_13916,4354
paper_13917,4355
paper_13918,4356
paper_13919,4357
paper_1392,4358
paper_13920,4359
paper_13921,4360
paper_13922,4361
paper_13923,4362
paper_13924,4363
paper_13925,4364
paper_13926,4365
paper_13927,4366
paper_13928,4367
paper_13929,4368
paper_1393,4369
paper_13930,4370
paper_13931,4371
paper_13932,4372
paper_13933,4373
paper_13934,4374
paper_13935,4375
paper_13936,4376
paper_13937,4377
paper_13938,4378
paper_13939,4379
paper_1394,4380
paper_13940,4381
paper_13941,4382
paper_13942,4383
paper_13943,4384
paper_13944,4385
paper_13945,4386
paper_13946,4387
paper_13947,4388
paper_13948,4389
paper_13949,4390
paper_1395,4391
paper_13950,4392
paper_13951,4393
paper_13952,4394
paper_13953,4395
paper_13954,4396
paper_13955,4397
paper_13956,4398
paper_13957,4399
paper_13958,4400
paper_13959,4401
paper_1396,4402
paper_13960,4403
paper_13961,4404
paper_13962,4405
paper_13963,4406
paper_13964,4407
paper_13965,4408
paper_13966,4409
paper_13967,4410
paper_13968,4411
paper_13969,4412
paper_1397,4413
paper_13970,4414
paper_13971,4415
paper_13972,4416
paper_13973,4417
paper_13974,4418
paper_13975,4419
paper_13976,4420
paper_13977,4421
paper_13978,4422
paper_13979,4423
paper_1398,4424
paper_13980,4425
paper_13981,4426
paper_13982,4427
paper_13983,4428
paper_13984,4429
paper_13985,4430
paper_13986,4431
paper_13987,4432
paper_13988,4433
paper_13989,4434
paper_1399,4435
paper_13990,4436
paper_13991,4437
paper_13992,4438
paper_13993,4439
paper_13994,4440
paper_13995,4441
paper_13996,4442
paper_13997,4443
paper_13998,4444
paper_13999,4445
paper_14,4446
paper_140,4447
paper_1400,4448
paper_14000,4449
paper_14001,4450
paper_14002,4451
paper_14003,4452
paper_14004,4453
paper_14005,4454
paper_14006,4455
paper_14007,4456
paper_14008,4457
paper_14009,4458
paper_1401,4459
paper_14010,4460
paper_14011,4461
paper_14012,4462
paper_14013,4463
paper_14014,4464
paper_14015,4465
paper_14016,4466
paper_14017,4467
paper_14018,4468
paper_14019,4469
paper_1402,4470
paper_14020,4471
paper_14021,4472
paper_14022,4473
paper_14023,4474
paper_14024,4475
paper_14025,4476
paper_14026,4477
paper_14027,4478
paper_14028,4479
paper_14029,4480
paper_1403,4481
paper_14030,4482
paper_14031,4483
paper_14032,4484
paper_14033,4485
paper_14034,4486
paper_14035,4487
paper_14036,4488
paper_14037,4489
paper_14038,4490
paper_14039,4491
paper_1404,4492
paper_14040,4493
paper_14041,4494
paper_14042,4495
paper_14043,4496
paper_14044,4497
paper_14045,4498
paper_14046,4499
paper_14047,4500
paper_14048,4501
paper_14049,4502
paper_1405,4503
paper_14050,4504
paper_14051,4505
paper_14052,4506
paper_14053,4507
paper_14054,4508
paper_14055,4509
paper_14056,4510
paper_14057,4511
paper_14058,4512
paper_14059,4513
paper_1406,4514
paper_14060,4515
paper_14061,4516
paper_14062,4517
paper_14063,4518
paper_14064,4519
paper_14065,4520
paper_14066,4521
paper_14067,4522
paper_14068,4523
paper_14069,4524
paper_1407,4525
paper_14070,4526
paper_14071,4527
paper_14072,4528
paper_14073,4529
paper_14074,4530
paper_14075,4531
paper_14076,4532
paper_14077,4533
paper_14078,4534
paper_14079,4535
paper_1408,4536
paper_14080,4537
paper_14081,4538
paper_14082,4539
paper_14083,4540
paper_14084,4541
paper_14085,4542
paper_14086,4543
paper_14087,4544
paper_14088,4545
paper_14089,4546
paper_1409,4547
paper_14090,4548
paper_14091,4549
paper_14092,4550
paper_14093,4551
paper_14094,4552
paper_14095,4553
paper_14096,4554
paper_14097,4555
paper_14098,4556
paper_14099,4557
paper_141,4558
paper_1410,4559
paper_14100,4560
paper_14101,4561
paper_14102,4562
paper_14103,4563
paper_14104,4564
paper_14105,4565
paper_14106,4566
paper_14107,4567
paper_14108,4568
paper_14109,4569
paper_1411,4570
paper_14110,4571
paper_14111,4572
paper_14112,4573
paper_14113,4574
paper_14114,4575
paper_14115,4576
paper_14116,4577
paper_14117,4578
paper_14118,4579
paper_14119,4580
paper_1412,4581
paper_14120,4582
paper_14121,4583
paper_14122,4584
paper_14123,4585
paper_14124,4586
paper_14125,4587
paper_14126,4588
paper_14127,4589
paper_14128,4590
paper_14129,4591
paper_1413,4592
paper_14130,4593
paper_14131,4594
paper_14132,4595
paper_14133,4596
paper_14134,4597
paper_14135,4598
paper_14136,4599
paper_14137,4600
paper_14138,4601
paper_14139,4602
paper_1414,4603
paper_14140,4604
paper_14141,4605
paper_14142,4606
paper_14143,4607
paper_14144,4608
paper_14145,4609
paper_14146,4610
paper_14147,4611
paper_14148,4612
paper_14149,4613
paper_1415,4614
paper_14150,4615
paper_14151,4616
paper_14152,4617
paper_14153,4618
paper_14154,4619
paper_14155,4620
paper_14156,4621
paper_14157,4622
paper_14158,4623
paper_14159,4624
paper_1416,4625
paper_14160,4626
paper_14161,4627
paper_14162,4628
paper_14163,4629
paper_14164,4630
paper_14165,4631
paper_14166,4632
paper_14167,4633
paper_14168,4634
paper_14169,4635
paper_1417,4636
paper_14170,4637
paper_14171,4638
paper_14172,4639
paper_14173,4640
paper_14174,4641
paper_14175,4642
paper_14176,4643
paper_14177,4644
paper_14178,4645
paper_14179,4646
paper_1418,4647
paper_14180,4648
paper_14181,4649
paper_14182,4650
paper_14183,4651
paper_14184,4652
paper_14185,4653
paper_14186,4654
paper_14187,4655
paper_14188,4656
paper_14189,4657
paper_1419,4658
paper_14190,4659
paper_14191,4660
paper_14192,4661
paper_14193,4662
paper_14194,4663
paper_14195,4664
paper_14196,4665
paper_14197,4666
paper_14198,4667
paper_14199,4668
paper_142,4669
paper_1420,4670
paper_14200,4671
paper_14201,4672
paper_14202,4673
paper_14203,4674
paper_14204,4675
paper_14205,4676
paper_14206,4677
paper_14207,4678
paper_14208,4679
paper_14209,4680
paper_1421,4681
paper_14210,4682
paper_14211,4683
paper_14212,4684
paper_14213,4685
paper_14214,4686
paper_14215,4687
paper_14216,4688
paper_14217,4689
paper_14218,4690
paper_14219,4691
paper_1422,4692
paper_14220,4693
paper_14221,4694
paper_14222,4695
paper_14223,4696
paper_14224,4697
paper_14225,4698
paper_14226,4699
paper_14227,4700
paper_14228,4701
paper_14229,4702
paper_1423,4703
paper_14230,4704
paper_14231,4705
paper_14232,4706
paper_14233,4707
paper_14234,4708
paper_14235,4709
paper_14236,4710
paper_14237,4711
paper_14238,4712
paper_14239,4713
paper_1424,4714
paper_14240,4715
paper_14241,4716
paper_14242,4717
paper_14243,4718
paper_14244,4719
paper_14245,4720
paper_14246,4721
paper_14247,4722
paper_14248,4723
paper_14249,4724
paper_1425,4725
paper_14250,4726
paper_14251,4727
paper_14252,4728
paper_14253,4729
paper_14254,4730
paper_14255,4731
paper_14256,4732
paper_14257,4733
paper_14258,4734
paper_14259,4735
paper_1426,4736
paper_14260,4737
paper_14261,4738
paper_14262,4739
paper_14263,4740
paper_14264,4741
paper_14265,4742
paper_14266,4743
paper_14267,4744
paper_14268,4745
paper_14269,4746
paper_1427,4747
paper_14270,4748
paper_14271,4749
paper_14272,4750
paper_14273,4751
paper_14274,4752
paper_14275,4753
paper_14276,4754
paper_14277,4755
paper_14278,4756
paper_14279,4757
paper_1428,4758
paper_14280,4759
paper_14281,4760
paper_14282,4761
paper_14283,4762
paper_14284,4763
paper_14285,4764
paper_14286,4765
paper_14287,4766
paper_14288,4767
paper_14289,4768
paper_1429,4769
paper_14290,4770
paper_14291,4771
paper_14292,4772
paper_14293,4773
paper_14294,4774
paper_14295,4775
paper_14296,4776
paper_14297,4777
paper_14298,4778
paper_14299,4779
paper_143,4780
paper_1430,4781
paper_14300,4782
paper_14301,4783
paper_14302,4784
paper_14303,4785
paper_14304,4786
paper_14305,4787
paper_14306,4788
paper_14307,4789
paper_14308,4790
paper_14309,4791
paper_1431,4792
paper_14310,4793
paper_14311,4794
paper_14312,4795
paper_14313,4796
paper_14314,4797
paper_14315,4798
paper_14316,4799
paper_14317,4800
paper_14318,4801
paper_14319,4802
paper_1432,4803
paper_14320,4804
paper_14321,4805
paper_14322,4806
paper_14323,4807
paper_14324,4808
paper_14325,4809
paper_14326,4810
paper_14327,4811
paper_14328,4812
paper_14329,4813
paper_1433,4814
paper_14330,4815
paper_14331,4816
paper_14332,4817
paper_14333,4818
paper_14334,4819
paper_14335,4820
paper_14336,4821
paper_14337,4822
paper_14338,4823
paper_14339,4824
paper_1434,4825
paper_14340,4826
paper_14341,4827
paper_14342,4828
paper_14343,4829
paper_14344,4830
paper_14345,4831
paper_14346,4832
paper_14347,4833
paper_14348,4834
paper_14349,4835
paper_1435,4836
paper_14350,4837
paper_14351,4838
paper_14352,4839
paper_14353,4840
paper_14354,4841
paper_14355,4842
paper_14356,4843
paper_14357,4844
paper_14358,4845
paper_14359,4846
paper_1436,4847
paper_14360,4848
paper_14361,4849
paper_14362,4850
paper_14363,4851
paper_14364,4852
paper_14365,4853
paper_14366,4854
paper_14367,4855
paper_14368,4856
paper_14369,4857
paper_1437,4858
paper_14370,4859
paper_14371,4860
paper_14372,4861
paper_14373,4862
paper_14374,4863
paper_14375,4864
paper_14376,4865
paper_14377,4866
paper_14378,4867
paper_14379,4868
paper_1438,4869
paper_14380,4870
paper_14381,4871
paper_14382,4872
paper_14383,4873
paper_14384,4874
paper_14385,4875
paper_14386,4876
paper_14387,4877
paper_14388,4878
paper_14389,4879
paper_1439,4880
paper_14390,4881
paper_14391,4882
paper_14392,4883
paper_14393,4884
paper_14394,4885
paper_14395,4886
paper_14396,4887
paper_14397,4888
paper_14398,4889
paper_14399,4890
paper_144,4891
paper_1440,4892
paper_14400,4893
paper_14401,4894
paper_14402,4895
paper_14403,4896
paper_14404,4897
paper_14405,4898
paper_14406,4899
paper_14407,4900
paper_14408,4901
paper_14409,4902
paper_1441,4903
paper_14410,4904
paper_14411,4905
paper_14412,4906
paper_14413,4907
paper_14414,4908
paper_14415,4909
paper_14416,4910
paper_14417,4911
paper_14418,4912
paper_14419,4913
paper_1442,4914
paper_14420,4915
paper_14421,4916
paper_14422,4917
paper_14423,4918
paper_14424,4919
paper_14425,4920
paper_14426,4921
paper_14427,4922
paper_14428,4923
paper_14429,4924
paper_1443,4925
paper_14430,4926
paper_14431,4927
paper_14432,4928
paper_14433,4929
paper_14434,4930
paper_14435,4931
paper_14436,4932
paper_14437,4933
paper_14438,4934
paper_14439,4935
paper_1444,4936
paper_14440,4937
paper_14441,4938
paper_14442,4939
paper_14443,4940
paper_14444,4941
paper_14445,4942
paper_14446,4943
paper_14447,4944
paper_14448,4945
paper_14449,4946
paper_1445,4947
paper_14450,4948
paper_14451,4949
paper_14452,4950
paper_14453,4951
paper_14454,4952
paper_14455,4953
paper_14456,4954
paper_14457,4955
paper_14458,4956
paper_14459,4957
paper_1446,4958
paper_14460,4959
paper_14461,4960
paper_14462,4961
paper_14463,4962
paper_14464,4963
paper_14465,4964
paper_14466,4965
paper_14467,4966
paper_14468,4967
paper_14469,4968
paper_1447,4969
paper_14470,4970
paper_14471,4971
paper_14472,4972
paper_14473,4973
paper_14474,4974
paper_14475,4975
paper_14476,4976
paper_14477,4977
paper_14478,4978
paper_14479,4979
paper_1448,4980
paper_14480,4981
paper_14481,4982
paper_14482,4983
paper_14483,4984
paper_14484,4985
paper_14485,4986
paper_14486,4987
paper_14487,4988
paper_14488,4989
paper_14489,4990
paper_1449,4991
paper_14490,4992
paper_14491,4993
paper_14492,4994
paper_14493,4995
paper_14494,4996
paper_14495,4997
paper_14496,4998
paper_14497,4999
paper_14498,5000
paper_14499,5001
paper_145,5002
paper_1450,5003
paper_14500,5004
paper_14501,5005
paper_14502,5006
paper_14503,5007
paper_14504,5008
paper_14505,5009
paper_14506,5010
paper_14507,5011
paper_14508,5012
paper_14509,5013
paper_1451,5014
paper_14510,5015
paper_14511,5016
paper_14512,5017
paper_14513,5018
paper_14514,5019
paper_14515,5020
paper_14516,5021
paper_14517,5022
paper_14518,5023
paper_14519,5024
paper_1452,5025
paper_14520,5026
paper_14521,5027
paper_14522,5028
paper_14523,5029
paper_14524,5030
paper_14525,5031
paper_14526,5032
paper_14527,5033
paper_14528,5034
paper_14529,5035
paper_1453,5036
paper_14530,5037
paper_14531,5038
paper_14532,5039
paper_14533,5040
paper_14534,5041
paper_14535,5042
paper_14536,5043
paper_14537,5044
paper_14538,5045
paper_14539,5046
paper_1454,5047
paper_14540,5048
paper_14541,5049
paper_14542,5050
paper_14543,5051
paper_14544,5052
paper_14545,5053
paper_14546,5054
paper_14547,5055
paper_14548,5056
paper_14549,5057
paper_1455,5058
paper_14550,5059
paper_14551,5060
paper_14552,5061
paper_14553,5062
paper_14554,5063
paper_14555,5064
paper_14556,5065
paper_14557,5066
paper_14558,5067
paper_14559,5068
paper_1456,5069
paper_14560,5070
paper_14561,5071
paper_14562,5072
paper_14563,5073
paper_14564,5074
paper_14565,5075
paper_14566,5076
paper_14567,5077
paper_14568,5078
paper_14569,5079
paper_1457,5080
paper_14570,5081
paper_14571,5082
paper_14572,5083
paper_14573,5084
paper_14574,5085
paper_14575,5086
paper_14576,5087
paper_14577,5088
paper_14578,5089
paper_14579,5090
paper_1458,5091
paper_14580,5092
paper_14581,5093
paper_14582,5094
paper_14583,5095
paper_14584,5096
paper_14585,5097
paper_14586,5098
paper_14587,5099
paper_14588,5100
paper_14589,5101
paper_1459,5102
paper_14590,5103
paper_14591,5104
paper_14592,5105
paper_14593,5106
paper_14594,5107
paper_14595,5108
paper_14596,5109
paper_14597,5110
paper_14598,5111
paper_14599,5112
paper_146,5113
paper_1460,5114
paper_14600,5115
paper_14601,5116
paper_14602,5117
paper_14603,5118
paper_14604,5119
paper_14605,5120
paper_14606,5121
paper_14607,5122
paper_14608,5123
paper_14609,5124
paper_1461,5125
paper_14610,5126
paper_14611,5127
paper_14612,5128
paper_14613,5129
paper_14614,5130
paper_14615,5131
paper_14616,5132
paper_14617,5133
paper_14618,5134
paper_14619,5135
paper_1462,5136
paper_14620,5137
paper_14621,5138
paper_14622,5139
paper_14623,5140
paper_14624,5141
paper_14625,5142
paper_14626,5143
paper_14627,5144
paper_14628,5145
paper_14629,5146
paper_1463,5147
paper_14630,5148
paper_14631,5149
paper_14632,5150
paper_14633,5151
paper_14634,5152
paper_14635,5153
paper_14636,5154
paper_14637,5155
paper_14638,5156
paper_14639,5157
paper_1464,5158
paper_14640,5159
paper_14641,5160
paper_14642,5161
paper_14643,5162
paper_14644,5163
paper_14645,5164
paper_14646,5165
paper_14647,5166
paper_14648,5167
paper_14649,5168
paper_1465,5169
paper_14650,5170
paper_14651,5171
paper_14652,5172
paper_14653,5173
paper_14654,5174
paper_14655,5175
paper_14656,5176
paper_14657,5177
paper_14658,5178
paper_14659,5179
paper_1466,5180
paper_14660,5181
paper_14661,5182
paper_14662,5183
paper_14663,5184
paper_14664,5185
paper_14665,5186
paper_14666,5187
paper_14667,5188
paper_14668,5189
paper_14669,5190
paper_1467,5191
paper_14670,5192
paper_14671,5193
paper_14672,5194
paper_14673,5195
paper_14674,5196
paper_14675,5197
paper_14676,5198
paper_14677,5199
paper_14678,5200
paper_14679,5201
paper_1468,5202
paper_14680,5203
paper_14681,5204
paper_14682,5205
paper_14683,5206
paper_14684,5207
paper_14685,5208
paper_14686,5209
paper_14687,5210
paper_14688,5211
paper_14689,5212
paper_1469,5213
paper_14690,5214
paper_14691,5215
paper_14692,5216
paper_14693,5217
paper_14694,5218
paper_14695,5219
paper_14696,5220
paper_14697,5221
paper_14698,5222
paper_14699,5223
paper_147,5224
paper_1470,5225
paper_14700,5226
paper_14701,5227
paper_14702,5228
paper_14703,5229
paper_14704,5230
paper_14705,5231
paper_14706,5232
paper_14707,5233
paper_14708,5234
paper_14709,5235
paper_1471,5236
paper_14710,5237
paper_14711,5238
paper_14712,5239
paper_14713,5240
paper_14714,5241
paper_14715,5242
paper_14716,5243
paper_14717,5244
paper_14718,5245
paper_14719,5246
paper_1472,5247
paper_14720,5248
paper_14721,5249
paper_14722,5250
paper_14723,5251
paper_14724,5252
paper_14725,5253
paper_14726,5254
paper_14727,5255
paper_14728,5256
paper_14729,5257
paper_1473,5258
paper_14730,5259
paper_14731,5260
paper_14732,5261
paper_14733,5262
paper_14734,5263
paper_14735,5264
paper_14736,5265
paper_14737,5266
paper_14738,5267
paper_14739,5268
paper_1474,5269
paper_14740,5270
paper_14741,5271
paper_14742,5272
paper_14743,5273
paper_14744,5274
paper_14745,5275
paper_14746,5276
paper_14747,5277
paper_14748,5278
paper_14749,5279
paper_1475,5280
paper_14750,5281
paper_14751,5282
paper_14752,5283
paper_14753,5284
paper_14754,5285
paper_14755,5286
paper_14756,5287
paper_14757,5288
paper_14758,5289
paper_14759,5290
paper_1476,5291
paper_14760,5292
paper_14761,5293
paper_14762,5294
paper_14763,5295
paper_14764,5296
paper_14765,5297
paper_14766,5298
paper_14767,5299
paper_14768,5300
paper_14769,5301
paper_1477,5302
paper_14770,5303
paper_14771,5304
paper_14772,5305
paper_14773,5306
paper_14774,5307
paper_14775,5308
paper_14776,5309
paper_14777,5310
paper_14778,5311
paper_14779,5312
paper_1478,5313
paper_14780,5314
paper_14781,5315
paper_14782,5316
paper_14783,5317
paper_14784,5318
paper_14785,5319
paper_14786,5320
paper_14787,5321
paper_14788,5322
paper_14789,5323
paper_1479,5324
paper_14790,5325
paper_14791,5326
paper_14792,5327
paper_14793,5328
paper_14794,5329
paper_14795,5330
paper_14796,5331
paper_14797,5332
paper_14798,5333
paper_14799,5334
paper_148,5335
paper_1480,5336
paper_14800,5337
paper_14801,5338
paper_14802,5339
paper_14803,5340
paper_14804,5341
paper_14805,5342
paper_14806,5343
paper_14807,5344
paper_14808,5345
paper_14809,5346
paper_1481,5347
paper_14810,5348
paper_14811,5349
paper_14812,5350
paper_14813,5351
paper_14814,5352
paper_14815,5353
paper_14816,5354
paper_14817,5355
paper_14818,5356
paper_14819,5357
paper_1482,5358
paper_14820,5359
paper_14821,5360
paper_14822,5361
paper_14823,5362
paper_14824,5363
paper_14825,5364
paper_14826,5365
paper_14827,5366
paper_14828,5367
paper_14829,5368
paper_1483,5369
paper_14830,5370
paper_14831,5371
paper_14832,5372
paper_14833,5373
paper_14834,5374
paper_14835,5375
paper_14836,5376
paper_14837,5377
paper_14838,5378
paper_14839,5379
paper_1484,5380
paper_14840,5381
paper_14841,5382
paper_14842,5383
paper_14843,5384
paper_14844,5385
paper_14845,5386
paper_14846,5387
paper_14847,5388
paper_14848,5389
paper_14849,5390
paper_1485,5391
paper_14850,5392
paper_14851,5393
paper_14852,5394
paper_14853,5395
paper_14854,5396
paper_14855,5397
paper_14856,5398
paper_14857,5399
paper_14858,5400
paper_14859,5401
paper_1486,5402
paper_14860,5403
paper_14861,5404
paper_14862,5405
paper_14863,5406
paper_14864,5407
paper_14865,5408
paper_14866,5409
paper_14867,5410
paper_14868,5411
paper_14869,5412
paper_1487,5413
paper_14870,5414
paper_14871,5415
paper_14872,5416
paper_14873,5417
paper_14874,5418
paper_14875,5419
paper_14876,5420
paper_14877,5421
paper_14878,5422
paper_14879,5423
paper_1488,5424
paper_14880,5425
paper_14881,5426
paper_14882,5427
paper_14883,5428
paper_14884,5429
paper_14885,5430
paper_14886,5431
paper_14887,5432
paper_14888,5433
paper_14889,5434
paper_1489,5435
paper_14890,5436
paper_14891,5437
paper_14892,5438
paper_14893,5439
paper_14894,5440
paper_14895,5441
paper_14896,5442
paper_14897,5443
paper_14898,5444
paper_14899,5445
paper_149,5446
paper_1490,5447
paper_14900,5448
paper_14901,5449
paper_14902,5450
paper_14903,5451
paper_14904,5452
paper_14905,5453
paper_14906,5454
paper_14907,5455
paper_14908,5456
paper_14909,5457
paper_1491,5458
paper_14910,5459
paper_14911,5460
paper_14912,5461
paper_14913,5462
paper_14914,5463
paper_14915,5464
paper_14916,5465
paper_14917,5466
paper_14918,5467
paper_14919,5468
paper_1492,5469
paper_14920,5470
paper_14921,5471
paper_14922,5472
paper_14923,5473
paper_14924,5474
paper_14925,5475
paper_14926,5476
paper_14927,5477
paper_14928,5478
paper_14929,5479
paper_1493,5480
paper_14930,5481
paper_14931,5482
paper_14932,5483
paper_14933,5484
paper_14934,5485
paper_14935,5486
paper_14936,5487
paper_14937,5488
paper_14938,5489
paper_14939,5490
paper_1494,5491
paper_14940,5492
paper_14941,5493
paper_14942,5494
paper_14943,5495
paper_14944,5496
paper_14945,5497
paper_14946,5498
paper_14947,5499
paper_14948,5500
paper_14949,5501
paper_1495,5502
paper_14950,5503
paper_14951,5504
paper_14952,5505
paper_14953,5506
paper_14954,5507
paper_14955,5508
paper_14956,5509
paper_14957,5510
paper_14958,5511
paper_14959,5512
paper_1496,5513
paper_14960,5514
paper_14961,5515
paper_14962,5516
paper_14963,5517
paper_14964,5518
paper_14965,5519
paper_14966,5520
paper_14967,5521
paper_14968,5522
paper_14969,5523
paper_1497,5524
paper_14970,5525
paper_14971,5526
paper_14972,5527
paper_14973,5528
paper_14974,5529
paper_14975,5530
paper_14976,5531
paper_14977,5532
paper_14978,5533
paper_14979,5534
paper_1498,5535
paper_14980,5536
paper_14981,5537
paper_14982,5538
paper_14983,5539
paper_14984,5540
paper_14985,5541
paper_14986,5542
paper_14987,5543
paper_14988,5544
paper_14989,5545
paper_1499,5546
paper_14990,5547
paper_14991,5548
paper_14992,5549
paper_14993,5550
paper_14994,5551
paper_14995,5552
paper_14996,5553
paper_14997,5554
paper_14998,5555
paper_14999,5556
paper_15,5557
paper_150,5558
paper_1500,5559
paper_15000,5560
paper_15001,5561
paper_15002,5562
paper_15003,5563
paper_15004,5564
paper_15005,5565
paper_15006,5566
paper_15007,5567
paper_15008,5568
paper_15009,5569
paper_1501,5570
paper_15010,5571
paper_15011,5572
paper_15012,5573
paper_15013,5574
paper_15014,5575
paper_15015,5576
paper_15016,5577
paper_15017,5578
paper_15018,5579
paper_15019,5580
paper_1502,5581
paper_15020,5582
paper_15021,5583
paper_15022,5584
paper_15023,5585
paper_15024,5586
paper_15025,5587
paper_15026,5588
paper_15027,5589
paper_15028,5590
paper_15029,5591
paper_1503,5592
paper_15030,5593
paper_15031,5594
paper_15032,5595
paper_15033,5596
paper_15034,5597
paper_15035,5598
paper_15036,5599
paper_15037,5600
paper_15038,5601
paper_15039,5602
paper_1504,5603
paper_15040,5604
paper_15041,5605
paper_15042,5606
paper_15043,5607
paper_15044,5608
paper_15045,5609
paper_15046,5610
paper_15047,5611
paper_15048,5612
paper_15049,5613
paper_1505,5614
paper_15050,5615
paper_15051,5616
paper_15052,5617
paper_15053,5618
paper_15054,5619
paper_15055,5620
paper_15056,5621
paper_15057,5622
paper_15058,5623
paper_15059,5624
paper_1506,5625
paper_15060,5626
paper_15061,5627
paper_15062,5628
paper_15063,5629
paper_15064,5630
paper_15065,5631
paper_15066,5632
paper_15067,5633
paper_15068,5634
paper_15069,5635
paper_1507,5636
paper_15070,5637
paper_15071,5638
paper_15072,5639
paper_15073,5640
paper_15074,5641
paper_15075,5642
paper_15076,5643
paper_15077,5644
paper_15078,5645
paper_15079,5646
paper_1508,5647
paper_15080,5648
paper_15081,5649
paper_15082,5650
paper_15083,5651
paper_15084,5652
paper_15085,5653
paper_15086,5654
paper_15087,5655
paper_15088,5656
paper_15089,5657
paper_1509,5658
paper_15090,5659
paper_15091,5660
paper_15092,5661
paper_15093,5662
paper_15094,5663
paper_15095,5664
paper_15096,5665
paper_15097,5666
paper_15098,5667
paper_15099,5668
paper_151,5669
paper_1510,5670
paper_15100,5671
paper_15101,5672
paper_15102,5673
paper_15103,5674
paper_15104,5675
paper_15105,5676
paper_15106,5677
paper_15107,5678
paper_15108,5679
paper_15109,5680
paper_1511,5681
paper_15110,5682
paper_15111,5683
paper_15112,5684
paper_15113,5685
paper_15114,5686
paper_15115,5687
paper_15116,5688
paper_15117,5689
paper_15118,5690
paper_15119,5691
paper_1512,5692
paper_15120,5693
paper_15121,5694
paper_15122,5695
paper_15123,5696
paper_15124,5697
paper_15125,5698
paper_15126,5699
paper_15127,5700
paper_15128,5701
paper_15129,5702
paper_1513,5703
paper_15130,5704
paper_15131,5705
paper_15132,5706
paper_15133,5707
paper_15134,5708
paper_15135,5709
paper_15136,5710
paper_15137,5711
paper_15138,5712
paper_15139,5713
paper_1514,5714
paper_15140,5715
paper_15141,5716
paper_15142,5717
paper_15143,5718
paper_15144,5719
paper_15145,5720
paper_15146,5721
paper_15147,5722
paper_15148,5723
paper_15149,5724
paper_1515,5725
paper_15150,5726
paper_15151,5727
paper_15152,5728
paper_15153,5729
paper_15154,5730
paper_15155,5731
paper_15156,5732
paper_15157,5733
paper_15158,5734
paper_15159,5735
paper_1516,5736
paper_15160,5737
paper_15161,5738
paper_15162,5739
paper_15163,5740
paper_15164,5741
paper_15165,5742
paper_15166,5743
paper_15167,5744
paper_15168,5745
paper_15169,5746
paper_1517,5747
paper_15170,5748
paper_15171,5749
paper_15172,5750
paper_15173,5751
paper_15174,5752
paper_15175,5753
paper_15176,5754
paper_15177,5755
paper_15178,5756
paper_15179,5757
paper_1518,5758
paper_15180,5759
paper_15181,5760
paper_15182,5761
paper_15183,5762
paper_15184,5763
paper_15185,5764
paper_15186,5765
paper_15187,5766
paper_15188,5767
paper_15189,5768
paper_1519,5769
paper_15190,5770
paper_15191,5771
paper_15192,5772
paper_15193,5773
paper_15194,5774
paper_15195,5775
paper_15196,5776
paper_15197,5777
paper_15198,5778
paper_15199,5779
paper_152,5780
paper_1520,5781
paper_15200,5782
paper_15201,5783
paper_15202,5784
paper_15203,5785
paper_15204,5786
paper_15205,5787
paper_15206,5788
paper_15207,5789
paper_15208,5790
paper_15209,5791
paper_1521,5792
paper_15210,5793
paper_15211,5794
paper_15212,5795
paper_15213,5796
paper_15214,5797
paper_15215,5798
paper_15216,5799
paper_15217,5800
paper_15218,5801
paper_15219,5802
paper_1522,5803
paper_15220,5804
paper_15221,5805
paper_15222,5806
paper_15223,5807
paper_15224,5808
paper_15225,5809
paper_15226,5810
paper_15227,5811
paper_15228,5812
paper_15229,5813
paper_1523,5814
paper_15230,5815
paper_15231,5816
paper_15232,5817
paper_15233,5818
paper_15234,5819
paper_15235,5820
paper_15236,5821
paper_15237,5822
paper_15238,5823
paper_15239,5824
paper_1524,5825
paper_15240,5826
paper_15241,5827
paper_15242,5828
paper_15243,5829
paper_15244,5830
paper_15245,5831
paper_15246,5832
paper_15247,5833
paper_15248,5834
paper_15249,5835
paper_1525,5836
paper_15250,5837
paper_15251,5838
paper_15252,5839
paper_15253,5840
paper_15254,5841
paper_15255,5842
paper_15256,5843
paper_15257,5844
paper_15258,5845
paper_15259,5846
paper_1526,5847
paper_15260,5848
paper_15261,5849
paper_15262,5850
paper_15263,5851
paper_15264,5852
paper_15265,5853
paper_15266,5854
paper_15267,5855
paper_15268,5856
paper_15269,5857
paper_1527,5858
paper_15270,5859
paper_15271,5860
paper_15272,5861
paper_15273,5862
paper_15274,5863
paper_15275,5864
paper_15276,5865
paper_15277,5866
paper_15278,5867
paper_15279,5868
paper_1528,5869
paper_15280,5870
paper_15281,5871
paper_15282,5872
paper_15283,5873
paper_15284,5874
paper_15285,5875
paper_15286,5876
paper_15287,5877
paper_15288,5878
paper_15289,5879
paper_1529,5880
paper_15290,5881
paper_15291,5882
paper_15292,5883
paper_15293,5884
paper_15294,5885
paper_15295,5886
paper_15296,5887
paper_15297,5888
paper_15298,5889
paper_15299,5890
paper_153,5891
paper_1530,5892
paper_15300,5893
paper_15301,5894
paper_15302,5895
paper_15303,5896
paper_15304,5897
paper_15305,5898
paper_15306,5899
paper_15307,5900
paper_15308,5901
paper_15309,5902
paper_1531,5903
paper_15310,5904
paper_15311,5905
paper_15312,5906
paper_15313,5907
paper_15314,5908
paper_15315,5909
paper_15316,5910
paper_15317,5911
paper_15318,5912
paper_15319,5913
paper_1532,5914
paper_15320,5915
paper_15321,5916
paper_15322,5917
paper_15323,5918
paper_15324,5919
paper_15325,5920
paper_15326,5921
paper_15327,5922
paper_15328,5923
paper_15329,5924
paper_1533,5925
paper_15330,5926
paper_15331,5927
paper_15332,5928
paper_15333,5929
paper_15334,5930
paper_15335,5931
paper_15336,5932
paper_15337,5933
paper_15338,5934
paper_15339,5935
paper_1534,5936
paper_15340,5937
paper_15341,5938
paper_15342,5939
paper_15343,5940
paper_15344,5941
paper_15345,5942
paper_15346,5943
paper_15347,5944
paper_15348,5945
paper_15349,5946
paper_1535,5947
paper_15350,5948
paper_15351,5949
paper_15352,5950
paper_15353,5951
paper_15354,5952
paper_15355,5953
paper_15356,5954
paper_15357,5955
paper_15358,5956
paper_15359,5957
paper_1536,5958
paper_15360,5959
paper_15361,5960
paper_15362,5961
paper_15363,5962
paper_15364,5963
paper_15365,5964
paper_15366,5965
paper_15367,5966
paper_15368,5967
paper_15369,5968
paper_1537,5969
paper_15370,5970
paper_15371,5971
paper_15372,5972
paper_15373,5973
paper_15374,5974
paper_15375,5975
paper_15376,5976
paper_15377,5977
paper_15378,5978
paper_15379,5979
paper_1538,5980
paper_15380,5981
paper_15381,5982
paper_15382,5983
paper_15383,5984
paper_15384,5985
paper_15385,5986
paper_15386,5987
paper_15387,5988
paper_15388,5989
paper_15389,5990
paper_1539,5991
paper_15390,5992
paper_15391,5993
paper_15392,5994
paper_15393,5995
paper_15394,5996
paper_15395,5997
paper_15396,5998
paper_15397,5999
paper_15398,6000
paper_15399,6001
paper_154,6002
paper_1540,6003
paper_15400,6004
paper_15401,6005
paper_15402,6006
paper_15403,6007
paper_15404,6008
paper_15405,6009
paper_15406,6010
paper_15407,6011
paper_15408,6012
paper_15409,6013
paper_1541,6014
paper_15410,6015
paper_15411,6016
paper_15412,6017
paper_15413,6018
paper_15414,6019
paper_15415,6020
paper_15416,6021
paper_15417,6022
paper_15418,6023
paper_15419,6024
paper_1542,6025
paper_15420,6026
paper_15421,6027
paper_15422,6028
paper_15423,6029
paper_15424,6030
paper_15425,6031
paper_15426,6032
paper_15427,6033
paper_15428,6034
paper_15429,6035
paper_1543,6036
paper_15430,6037
paper_15431,6038
paper_15432,6039
paper_15433,6040
paper_15434,6041
paper_15435,6042
paper_15436,6043
paper_15437,6044
paper_15438,6045
paper_15439,6046
paper_1544,6047
paper_15440,6048
paper_15441,6049
paper_15442,6050
paper_15443,6051
paper_15444,6052
paper_15445,6053
paper_15446,6054
paper_15447,6055
paper_15448,6056
paper_15449,6057
paper_1545,6058
paper_15450,6059
paper_15451,6060
paper_15452,6061
paper_15453,6062
paper_15454,6063
paper_15455,6064
paper_15456,6065
paper_15457,6066
paper_15458,6067
paper_15459,6068
paper_1546,6069
paper_15460,6070
paper_15461,6071
paper_15462,6072
paper_15463,6073
paper_15464,6074
paper_15465,6075
paper_15466,6076
paper_15467,6077
paper_15468,6078
paper_15469,6079
paper_1547,6080
paper_15470,6081
paper_15471,6082
paper_15472,6083
paper_15473,6084
paper_15474,6085
paper_15475,6086
paper_15476,6087
paper_15477,6088
paper_15478,6089
paper_15479,6090
paper_1548,6091
paper_15480,6092
paper_15481,6093
paper_15482,6094
paper_15483,6095
paper_15484,6096
paper_15485,6097
paper_15486,6098
paper_15487,6099
paper_15488,6100
paper_15489,6101
paper_1549,6102
paper_15490,6103
paper_15491,6104
paper_15492,6105
paper_15493,6106
paper_15494,6107
paper_15495,6108
paper_15496,6109
paper_15497,6110
paper_15498,6111
paper_15499,6112
paper_155,6113
paper_1550,6114
paper_15500,6115
paper_15501,6116
paper_15502,6117
paper_15503,6118
paper_15504,6119
paper_15505,6120
paper_15506,6121
paper_15507,6122
paper_15508,6123
paper_15509,6124
paper_1551,6125
paper_15510,6126
paper_15511,6127
paper_15512,6128
paper_15513,6129
paper_15514,6130
paper_15515,6131
paper_15516,6132
paper_15517,6133
paper_15518,6134
paper_15519,6135
paper_1552,6136
paper_15520,6137
paper_15521,6138
paper_15522,6139
paper_15523,6140
paper_15524,6141
paper_15525,6142
paper_15526,6143
paper_15527,6144
paper_15528,6145
paper_15529,6146
paper_1553,6147
paper_15530,6148
paper_15531,6149
paper_15532,6150
paper_15533,6151
paper_15534,6152
paper_15535,6153
paper_15536,6154
paper_15537,6155
paper_15538,6156
paper_15539,6157
paper_1554,6158
paper_15540,6159
paper_15541,6160
paper_15542,6161
paper_15543,6162
paper_15544,6163
paper_15545,6164
paper_15546,6165
paper_15547,6166
paper_15548,6167
paper_15549,6168
paper_1555,6169
paper_15550,6170
paper_15551,6171
paper_15552,6172
paper_15553,6173
paper_15554,6174
paper_15555,6175
paper_15556,6176
paper_15557,6177
paper_15558,6178
paper_15559,6179
paper_1556,6180
paper_15560,6181
paper_15561,6182
paper_15562,6183
paper_15563,6184
paper_15564,6185
paper_15565,6186
paper_15566,6187
paper_15567,6188
paper_15568,6189
paper_15569,6190
paper_1557,6191
paper_15570,6192
paper_15571,6193
paper_15572,6194
paper_15573,6195
paper_15574,6196
paper_15575,6197
paper_15576,6198
paper_15577,6199
paper_15578,6200
paper_15579,6201
paper_1558,6202
paper_15580,6203
paper_15581,6204
paper_15582,6205
paper_15583,6206
paper_15584,6207
paper_15585,6208
paper_15586,6209
paper_15587,6210
paper_15588,6211
paper_15589,6212
paper_1559,6213
paper_15590,6214
paper_15591,6215
paper_15592,6216
paper_15593,6217
paper_15594,6218
paper_15595,6219
paper_15596,6220
paper_15597,6221
paper_15598,6222
paper_15599,6223
paper_156,6224
paper_1560,6225
paper_15600,6226
paper_15601,6227
paper_15602,6228
paper_15603,6229
paper_15604,6230
paper_15605,6231
paper_15606,6232
paper_15607,6233
paper_15608,6234
paper_15609,6235
paper_1561,6236
paper_15610,6237
paper_15611,6238
paper_15612,6239
paper_15613,6240
paper_15614,6241
paper_15615,6242
paper_15616,6243
paper_15617,6244
paper_15618,6245
paper_15619,6246
paper_1562,6247
paper_15620,6248
paper_15621,6249
paper_15622,6250
paper_15623,6251
paper_15624,6252
paper_15625,6253
paper_15626,6254
paper_15627,6255
paper_15628,6256
paper_15629,6257
paper_1563,6258
paper_15630,6259
paper_15631,6260
paper_15632,6261
paper_15633,6262
paper_15634,6263
paper_15635,6264
paper_15636,6265
paper_15637,6266
paper_15638,6267
paper_15639,6268
paper_1564,6269
paper_15640,6270
paper_15641,6271
paper_15642,6272
paper_15643,6273
paper_15644,6274
paper_15645,6275
paper_15646,6276
paper_15647,6277
paper_15648,6278
paper_15649,6279
paper_1565,6280
paper_15650,6281
paper_15651,6282
paper_15652,6283
paper_15653,6284
paper_15654,6285
paper_15655,6286
paper_15656,6287
paper_15657,6288
paper_15658,6289
paper_15659,6290
paper_1566,6291
paper_15660,6292
paper_15661,6293
paper_15662,6294
paper_15663,6295
paper_15664,6296
paper_15665,6297
paper_15666,6298
paper_15667,6299
paper_15668,6300
paper_15669,6301
paper_1567,6302
paper_15670,6303
paper_15671,6304
paper_15672,6305
paper_15673,6306
paper_15674,6307
paper_15675,6308
paper_15676,6309
paper_15677,6310
paper_15678,6311
paper_15679,6312
paper_1568,6313
paper_15680,6314
paper_15681,6315
paper_15682,6316
paper_15683,6317
paper_15684,6318
paper_15685,6319
paper_15686,6320
paper_15687,6321
paper_15688,6322
paper_15689,6323
paper_1569,6324
paper_15690,6325
paper_15691,6326
paper_15692,6327
paper_15693,6328
paper_15694,6329
paper_15695,6330
paper_15696,6331
paper_15697,6332
paper_15698,6333
paper_15699,6334
paper_157,6335
paper_1570,6336
paper_15700,6337
paper_15701,6338
paper_15702,6339
paper_15703,6340
paper_15704,6341
paper_15705,6342
paper_15706,6343
paper_15707,6344
paper_15708,6345
paper_15709,6346
paper_1571,6347
paper_15710,6348
paper_15711,6349
paper_15712,6350
paper_15713,6351
paper_15714,6352
paper_15715,6353
paper_15716,6354
paper_15717,6355
paper_15718,6356
paper_15719,6357
paper_1572,6358
paper_15720,6359
paper_15721,6360
paper_15722,6361
paper_15723,6362
paper_15724,6363
paper_15725,6364
paper_15726,6365
paper_15727,6366
paper_15728,6367
paper_15729,6368
paper_1573,6369
paper_15730,6370
paper_15731,6371
paper_15732,6372
paper_15733,6373
paper_15734,6374
paper_15735,6375
paper_15736,6376
paper_15737,6377
paper_15738,6378
paper_15739,6379
paper_1574,6380
paper_15740,6381
paper_15741,6382
paper_15742,6383
paper_15743,6384
paper_15744,6385
paper_15745,6386
paper_15746,6387
paper_15747,6388
paper_15748,6389
paper_15749,6390
paper_1575,6391
paper_15750,6392
paper_15751,6393
paper_15752,6394
paper_15753,6395
paper_15754,6396
paper_15755,6397
paper_15756,6398
paper_15757,6399
paper_15758,6400
paper_15759,6401
paper_1576,6402
paper_15760,6403
paper_15761,6404
paper_15762,6405
paper_15763,6406
paper_15764,6407
paper_15765,6408
paper_15766,6409
paper_15767,6410
paper_15768,6411
paper_15769,6412
paper_1577,6413
paper_15770,6414
paper_15771,6415
paper_15772,6416
paper_15773,6417
paper_15774,6418
paper_15775,6419
paper_15776,6420
paper_15777,6421
paper_15778,6422
paper_15779,6423
paper_1578,6424
paper_15780,6425
paper_15781,6426
paper_15782,6427
paper_15783,6428
paper_15784,6429
paper_15785,6430
paper_15786,6431
paper_15787,6432
paper_15788,6433
paper_15789,6434
paper_1579,6435
paper_15790,6436
paper_15791,6437
paper_15792,6438
paper_15793,6439
paper_15794,6440
paper_15795,6441
paper_15796,6442
paper_15797,6443
paper_15798,6444
paper_15799,6445
paper_158,6446
paper_1580,6447
paper_15800,6448
paper_15801,6449
paper_15802,6450
paper_15803,6451
paper_15804,6452
paper_15805,6453
paper_15806,6454
paper_15807,6455
paper_15808,6456
paper_15809,6457
paper_1581,6458
paper_15810,6459
paper_15811,6460
paper_15812,6461
paper_15813,6462
paper_15814,6463
paper_15815,6464
paper_15816,6465
paper_15817,6466
paper_15818,6467
paper_15819,6468
paper_1582,6469
paper_15820,6470
paper_15821,6471
paper_15822,6472
paper_15823,6473
paper_15824,6474
paper_15825,6475
paper_15826,6476
paper_15827,6477
paper_15828,6478
paper_15829,6479
paper_1583,6480
paper_15830,6481
paper_15831,6482
paper_15832,6483
paper_15833,6484
paper_15834,6485
paper_15835,6486
paper_15836,6487
paper_15837,6488
paper_15838,6489
paper_15839,6490
paper_1584,6491
paper_15840,6492
paper_15841,6493
paper_15842,6494
paper_15843,6495
paper_15844,6496
paper_15845,6497
paper_15846,6498
paper_15847,6499
paper_15848,6500
paper_15849,6501
paper_1585,6502
paper_15850,6503
paper_15851,6504
paper_15852,6505
paper_15853,6506
paper_15854,6507
paper_15855,6508
paper_15856,6509
paper_15857,6510
paper_15858,6511
paper_15859,6512
paper_1586,6513
paper_15860,6514
paper_15861,6515
paper_15862,6516
paper_15863,6517
paper_15864,6518
paper_15865,6519
paper_15866,6520
paper_15867,6521
paper_15868,6522
paper_15869,6523
paper_1587,6524
paper_15870,6525
paper_15871,6526
paper_15872,6527
paper_15873,6528
paper_15874,6529
paper_15875,6530
paper_15876,6531
paper_15877,6532
paper_15878,6533
paper_15879,6534
paper_1588,6535
paper_15880,6536
paper_15881,6537
paper_15882,6538
paper_15883,6539
paper_15884,6540
paper_15885,6541
paper_15886,6542
paper_15887,6543
paper_15888,6544
paper_15889,6545
paper_1589,6546
paper_15890,6547
paper_15891,6548
paper_15892,6549
paper_15893,6550
paper_15894,6551
paper_15895,6552
paper_15896,6553
paper_15897,6554
paper_15898,6555
paper_15899,6556
paper_159,6557
paper_1590,6558
paper_15900,6559
paper_15901,6560
paper_15902,6561
paper_15903,6562
paper_15904,6563
paper_15905,6564
paper_15906,6565
paper_15907,6566
paper_15908,6567
paper_15909,6568
paper_1591,6569
paper_15910,6570
paper_15911,6571
paper_15912,6572
paper_15913,6573
paper_15914,6574
paper_15915,6575
paper_15916,6576
paper_15917,6577
paper_15918,6578
paper_15919,6579
paper_1592,6580
paper_15920,6581
paper_15921,6582
paper_15922,6583
paper_15923,6584
paper_15924,6585
paper_15925,6586
paper_15926,6587
paper_15927,6588
paper_15928,6589
paper_15929,6590
paper_1593,6591
paper_15930,6592
paper_15931,6593
paper_15932,6594
paper_15933,6595
paper_15934,6596
paper_15935,6597
paper_15936,6598
paper_15937,6599
paper_15938,6600
paper_15939,6601
paper_1594,6602
paper_15940,6603
paper_15941,6604
paper_15942,6605
paper_15943,6606
paper_15944,6607
paper_15945,6608
paper_15946,6609
paper_15947,6610
paper_15948,6611
paper_15949,6612
paper_1595,6613
paper_15950,6614
paper_15951,6615
paper_15952,6616
paper_15953,6617
paper_15954,6618
paper_15955,6619
paper_15956,6620
paper_15957,6621
paper_15958,6622
paper_15959,6623
paper_1596,6624
paper_15960,6625
paper_15961,6626
paper_15962,6627
paper_15963,6628
paper_15964,6629
paper_15965,6630
paper_15966,6631
paper_15967,6632
paper_15968,6633
paper_15969,6634
paper_1597,6635
paper_15970,6636
paper_15971,6637
paper_15972,6638
paper_15973,6639
paper_15974,6640
paper_15975,6641
paper_15976,6642
paper_15977,6643
paper_15978,6644
paper_15979,6645
paper_1598,6646
paper_15980,6647
paper_15981,6648
paper_15982,6649
paper_15983,6650
paper_15984,6651
paper_15985,6652
paper_15986,6653
paper_15987,6654
paper_15988,6655
paper_15989,6656
paper_1599,6657
paper_15990,6658
paper_15991,6659
paper_15992,6660
paper_15993,6661
paper_15994,6662
paper_15995,6663
paper_15996,6664
paper_15997,6665
paper_15998,6666
paper_15999,6667
paper_16,6668
paper_160,6669
paper_1600,6670
paper_16000,6671
paper_16001,6672
paper_16002,6673
paper_16003,6674
paper_16004,6675
paper_16005,6676
paper_16006,6677
paper_16007,6678
paper_16008,6679
paper_16009,6680
paper_1601,6681
paper_16010,6682
paper_16011,6683
paper_16012,6684
paper_16013,6685
paper_16014,6686
paper_16015,6687
paper_16016,6688
paper_16017,6689
paper_16018,6690
paper_16019,6691
paper_1602,6692
paper_16020,6693
paper_16021,6694
paper_16022,6695
paper_16023,6696
paper_16024,6697
paper_16025,6698
paper_16026,6699
paper_16027,6700
paper_16028,6701
paper_16029,6702
paper_1603,6703
paper_16030,6704
paper_16031,6705
paper_16032,6706
paper_16033,6707
paper_16034,6708
paper_16035,6709
paper_16036,6710
paper_16037,6711
paper_16038,6712
paper_16039,6713
paper_1604,6714
paper_16040,6715
paper_16041,6716
paper_16042,6717
paper_16043,6718
paper_16044,6719
paper_16045,6720
paper_16046,6721
paper_16047,6722
paper_16048,6723
paper_16049,6724
paper_1605,6725
paper_16050,6726
paper_16051,6727
paper_16052,6728
paper_16053,6729
paper_16054,6730
paper_16055,6731
paper_16056,6732
paper_16057,6733
paper_16058,6734
paper_16059,6735
paper_1606,6736
paper_16060,6737
paper_16061,6738
paper_16062,6739
paper_16063,6740
paper_16064,6741
paper_16065,6742
paper_16066,6743
paper_16067,6744
paper_16068,6745
paper_16069,6746
paper_1607,6747
paper_16070,6748
paper_16071,6749
paper_16072,6750
paper_16073,6751
paper_16074,6752
paper_16075,6753
paper_16076,6754
paper_16077,6755
paper_16078,6756
paper_16079,6757
paper_1608,6758
paper_16080,6759
paper_16081,6760
paper_16082,6761
paper_16083,6762
paper_16084,6763
paper_16085,6764
paper_16086,6765
paper_16087,6766
paper_16088,6767
paper_16089,6768
paper_1609,6769
paper_16090,6770
paper_16091,6771
paper_16092,6772
paper_16093,6773
paper_16094,6774
paper_16095,6775
paper_16096,6776
paper_16097,6777
paper_16098,6778
paper_16099,6779
paper_161,6780
paper_1610,6781
paper_16100,6782
paper_16101,6783
paper_16102,6784
paper_16103,6785
paper_16104,6786
paper_16105,6787
paper_16106,6788
paper_16107,6789
paper_16108,6790
paper_16109,6791
paper_1611,6792
paper_16110,6793
paper_16111,6794
paper_16112,6795
paper_16113,6796
paper_16114,6797
paper_16115,6798
paper_16116,6799
paper_16117,6800
paper_16118,6801
paper_16119,6802
paper_1612,6803
paper_16120,6804
paper_16121,6805
paper_16122,6806
paper_16123,6807
paper_16124,6808
paper_16125,6809
paper_16126,6810
paper_16127,6811
paper_16128,6812
paper_16129,6813
paper_1613,6814
paper_16130,6815
paper_16131,6816
paper_16132,6817
paper_16133,6818
paper_16134,6819
paper_16135,6820
paper_16136,6821
paper_16137,6822
paper_16138,6823
paper_16139,6824
paper_1614,6825
paper_16140,6826
paper_16141,6827
paper_16142,6828
paper_16143,6829
paper_16144,6830
paper_16145,6831
paper_16146,6832
paper_16147,6833
paper_16148,6834
paper_16149,6835
paper_1615,6836
paper_16150,6837
paper_16151,6838
paper_16152,6839
paper_16153,6840
paper_16154,6841
paper_16155,6842
paper_16156,6843
paper_16157,6844
paper_16158,6845
paper_16159,6846
paper_1616,6847
paper_16160,6848
paper_16161,6849
paper_16162,6850
paper_16163,6851
paper_16164,6852
paper_16165,6853
paper_16166,6854
paper_16167,6855
paper_16168,6856
paper_16169,6857
paper_1617,6858
paper_16170,6859
paper_16171,6860
paper_16172,6861
paper_16173,6862
paper_16174,6863
paper_16175,6864
paper_16176,6865
paper_16177,6866
paper_16178,6867
paper_16179,6868
paper_1618,6869
paper_16180,6870
paper_16181,6871
paper_16182,6872
paper_16183,6873
paper_16184,6874
paper_16185,6875
paper_16186,6876
paper_16187,6877
paper_16188,6878
paper_16189,6879
paper_1619,6880
paper_16190,6881
paper_16191,6882
paper_16192,6883
paper_16193,6884
paper_16194,6885
paper_16195,6886
paper_16196,6887
paper_16197,6888
paper_16198,6889
paper_16199,6890
paper_162,6891
paper_1620,6892
paper_16200,6893
paper_16201,6894
paper_16202,6895
paper_16203,6896
paper_16204,6897
paper_16205,6898
paper_16206,6899
paper_16207,6900
paper_16208,6901
paper_16209,6902
paper_1621,6903
paper_16210,6904
paper_16211,6905
paper_16212,6906
paper_16213,6907
paper_16214,6908
paper_16215,6909
paper_16216,6910
paper_16217,6911
paper_16218,6912
paper_16219,6913
paper_1622,6914
paper_16220,6915
paper_16221,6916
paper_16222,6917
paper_16223,6918
paper_16224,6919
paper_16225,6920
paper_16226,6921
paper_16227,6922
paper_16228,6923
paper_16229,6924
paper_1623,6925
paper_16230,6926
paper_16231,6927
paper_16232,6928
paper_16233,6929
paper_16234,6930
paper_16235,6931
paper_16236,6932
paper_16237,6933
paper_16238,6934
paper_16239,6935
paper_1624,6936
paper_16240,6937
paper_16241,6938
paper_16242,6939
paper_16243,6940
paper_16244,6941
paper_16245,6942
paper_16246,6943
paper_16247,6944
paper_16248,6945
paper_16249,6946
paper_1625,6947
paper_16250,6948
paper_16251,6949
paper_16252,6950
paper_16253,6951
paper_16254,6952
paper_16255,6953
paper_16256,6954
paper_16257,6955
paper_16258,6956
paper_16259,6957
paper_1626,6958
paper_16260,6959
paper_16261,6960
paper_16262,6961
paper_16263,6962
paper_16264,6963
paper_16265,6964
paper_16266,6965
paper_16267,6966
paper_16268,6967
paper_16269,6968
paper_1627,6969
paper_16270,6970
paper_16271,6971
paper_16272,6972
paper_16273,6973
paper_16274,6974
paper_16275,6975
paper_16276,6976
paper_16277,6977
paper_16278,6978
paper_16279,6979
paper_1628,6980
paper_16280,6981
paper_16281,6982
paper_16282,6983
paper_16283,6984
paper_16284,6985
paper_16285,6986
paper_16286,6987
paper_16287,6988
paper_16288,6989
paper_16289,6990
paper_1629,6991
paper_16290,6992
paper_16291,6993
paper_16292,6994
paper_16293,6995
paper_16294,6996
paper_16295,6997
paper_16296,6998
paper_16297,6999
paper_16298,7000
paper_16299,7001
paper_163,7002
paper_1630,7003
paper_16300,7004
paper_16301,7005
paper_16302,7006
paper_16303,7007
paper_16304,7008
paper_16305,7009
paper_16306,7010
paper_16307,7011
paper_16308,7012
paper_16309,7013
paper_1631,7014
paper_16310,7015
paper_16311,7016
paper_16312,7017
paper_16313,7018
paper_16314,7019
paper_16315,7020
paper_16316,7021
paper_16317,7022
paper_16318,7023
paper_16319,7024
paper_1632,7025
paper_16320,7026
paper_16321,7027
paper_16322,7028
paper_16323,7029
paper_16324,7030
paper_16325,7031
paper_16326,7032
paper_16327,7033
paper_16328,7034
paper_16329,7035
paper_1633,7036
paper_16330,7037
paper_16331,7038
paper_16332,7039
paper_16333,7040
paper_16334,7041
paper_16335,7042
paper_16336,7043
paper_16337,7044
paper_16338,7045
paper_16339,7046
paper_1634,7047
paper_16340,7048
paper_16341,7049
paper_16342,7050
paper_16343,7051
paper_16344,7052
paper_16345,7053
paper_16346,7054
paper_16347,7055
paper_16348,7056
paper_16349,7057
paper_1635,7058
paper_16350,7059
paper_16351,7060
paper_16352,7061
paper_16353,7062
paper_16354,7063
paper_16355,7064
paper_16356,7065
paper_16357,7066
paper_16358,7067
paper_16359,7068
paper_1636,7069
paper_16360,7070
paper_16361,7071
paper_16362,7072
paper_16363,7073
paper_16364,7074
paper_16365,7075
paper_16366,7076
paper_16367,7077
paper_16368,7078
paper_16369,7079
paper_1637,7080
paper_16370,7081
paper_16371,7082
paper_16372,7083
paper_16373,7084
paper_16374,7085
paper_16375,7086
paper_16376,7087
paper_16377,7088
paper_16378,7089
paper_16379,7090
paper_1638,7091
paper_16380,7092
paper_16381,7093
paper_16382,7094
paper_16383,7095
paper_16384,7096
paper_16385,7097
paper_16386,7098
paper_16387,7099
paper_16388,7100
paper_16389,7101
paper_1639,7102
paper_16390,7103
paper_16391,7104
paper_16392,7105
paper_16393,7106
paper_16394,7107
paper_16395,7108
paper_16396,7109
paper_16397,7110
paper_16398,7111
paper_16399,7112
paper_164,7113
paper_1640,7114
paper_16400,7115
paper_16401,7116
paper_16402,7117
paper_16403,7118
paper_16404,7119
paper_16405,7120
paper_16406,7121
paper_16407,7122
paper_16408,7123
paper_16409,7124
paper_1641,7125
paper_16410,7126
paper_16411,7127
paper_16412,7128
paper_16413,7129
paper_16414,7130
paper_16415,7131
paper_16416,7132
paper_16417,7133
paper_16418,7134
paper_16419,7135
paper_1642,7136
paper_16420,7137
paper_16421,7138
paper_16422,7139
paper_16423,7140
paper_16424,7141
paper_16425,7142
paper_16426,7143
paper_16427,7144
paper_16428,7145
paper_16429,7146
paper_1643,7147
paper_16430,7148
paper_16431,7149
paper_16432,7150
paper_16433,7151
paper_16434,7152
paper_16435,7153
paper_16436,7154
paper_16437,7155
paper_16438,7156
paper_16439,7157
paper_1644,7158
paper_16440,7159
paper_16441,7160
paper_16442,7161
paper_16443,7162
paper_16444,7163
paper_16445,7164
paper_16446,7165
paper_16447,7166
paper_16448,7167
paper_16449,7168
paper_1645,7169
paper_16450,7170
paper_16451,7171
paper_16452,7172
paper_16453,7173
paper_16454,7174
paper_16455,7175
paper_16456,7176
paper_16457,7177
paper_16458,7178
paper_16459,7179
paper_1646,7180
paper_16460,7181
paper_16461,7182
paper_16462,7183
paper_16463,7184
paper_16464,7185
paper_16465,7186
paper_16466,7187
paper_16467,7188
paper_16468,7189
paper_16469,7190
paper_1647,7191
paper_16470,7192
paper_16471,7193
paper_16472,7194
paper_16473,7195
paper_16474,7196
paper_16475,7197
paper_16476,7198
paper_16477,7199
paper_16478,7200
paper_16479,7201
paper_1648,7202
paper_16480,7203
paper_16481,7204
paper_16482,7205
paper_16483,7206
paper_16484,7207
paper_16485,7208
paper_16486,7209
paper_16487,7210
paper_16488,7211
paper_16489,7212
paper_1649,7213
paper_16490,7214
paper_16491,7215
paper_16492,7216
paper_16493,7217
paper_16494,7218
paper_16495,7219
paper_16496,7220
paper_16497,7221
paper_16498,7222
paper_16499,7223
paper_165,7224
paper_1650,7225
paper_16500,7226
paper_16501,7227
paper_16502,7228
paper_16503,7229
paper_16504,7230
paper_16505,7231
paper_16506,7232
paper_16507,7233
paper_16508,7234
paper_16509,7235
paper_1651,7236
paper_16510,7237
paper_16511,7238
paper_16512,7239
paper_16513,7240
paper_16514,7241
paper_16515,7242
paper_16516,7243
paper_16517,7244
paper_16518,7245
paper_16519,7246
paper_1652,7247
paper_16520,7248
paper_16521,7249
paper_16522,7250
paper_16523,7251
paper_16524,7252
paper_16525,7253
paper_16526,7254
paper_16527,7255
paper_16528,7256
paper_16529,7257
paper_1653,7258
paper_16530,7259
paper_16531,7260
paper_16532,7261
paper_16533,7262
paper_16534,7263
paper_16535,7264
paper_16536,7265
paper_16537,7266
paper_16538,7267
paper_16539,7268
paper_1654,7269
paper_16540,7270
paper_16541,7271
paper_16542,7272
paper_16543,7273
paper_16544,7274
paper_16545,7275
paper_16546,7276
paper_16547,7277
paper_16548,7278
paper_16549,7279
paper_1655,7280
paper_16550,7281
paper_16551,7282
paper_16552,7283
paper_16553,7284
paper_16554,7285
paper_16555,7286
paper_16556,7287
paper_16557,7288
paper_16558,7289
paper_16559,7290
paper_1656,7291
paper_16560,7292
paper_16561,7293
paper_16562,7294
paper_16563,7295
paper_16564,7296
paper_16565,7297
paper_16566,7298
paper_16567,7299
paper_16568,7300
paper_16569,7301
paper_1657,7302
paper_16570,7303
paper_16571,7304
paper_16572,7305
paper_16573,7306
paper_16574,7307
paper_16575,7308
paper_16576,7309
paper_16577,7310
paper_16578,7311
paper_16579,7312
paper_1658,7313
paper_16580,7314
paper_16581,7315
paper_16582,7316
paper_16583,7317
paper_16584,7318
paper_16585,7319
paper_16586,7320
paper_16587,7321
paper_16588,7322
paper_16589,7323
paper_1659,7324
paper_16590,7325
paper_16591,7326
paper_16592,7327
paper_16593,7328
paper_16594,7329
paper_16595,7330
paper_16596,7331
paper_16597,7332
paper_16598,7333
paper_16599,7334
paper_166,7335
paper_1660,7336
paper_16600,7337
paper_16601,7338
paper_16602,7339
paper_16603,7340
paper_16604,7341
paper_16605,7342
paper_16606,7343
paper_16607,7344
paper_16608,7345
paper_16609,7346
paper_1661,7347
paper_16610,7348
paper_16611,7349
paper_16612,7350
paper_16613,7351
paper_16614,7352
paper_16615,7353
paper_16616,7354
paper_16617,7355
paper_16618,7356
paper_16619,7357
paper_1662,7358
paper_16620,7359
paper_16621,7360
paper_16622,7361
paper_16623,7362
paper_16624,7363
paper_16625,7364
paper_16626,7365
paper_16627,7366
paper_16628,7367
paper_16629,7368
paper_1663,7369
paper_16630,7370
paper_16631,7371
paper_16632,7372
paper_16633,7373
paper_16634,7374
paper_16635,7375
paper_16636,7376
paper_16637,7377
paper_16638,7378
paper_16639,7379
paper_1664,7380
paper_16640,7381
paper_16641,7382
paper_16642,7383
paper_16643,7384
paper_16644,7385
paper_16645,7386
paper_16646,7387
paper_16647,7388
paper_16648,7389
paper_16649,7390
paper_1665,7391
paper_16650,7392
paper_16651,7393
paper_16652,7394
paper_16653,7395
paper_16654,7396
paper_16655,7397
paper_16656,7398
paper_16657,7399
paper_16658,7400
paper_16659,7401
paper_1666,7402
paper_16660,7403
paper_16661,7404
paper_16662,7405
paper_16663,7406
paper_16664,7407
paper_16665,7408
paper_16666,7409
paper_16667,7410
paper_16668,7411
paper_16669,7412
paper_1667,7413
paper_16670,7414
paper_16671,7415
paper_16672,7416
paper_16673,7417
paper_16674,7418
paper_16675,7419
paper_16676,7420
paper_16677,7421
paper_16678,7422
paper_16679,7423
paper_1668,7424
paper_16680,7425
paper_16681,7426
paper_16682,7427
paper_16683,7428
paper_16684,7429
paper_16685,7430
paper_16686,7431
paper_16687,7432
paper_16688,7433
paper_16689,7434
paper_1669,7435
paper_16690,7436
paper_16691,7437
paper_16692,7438
paper_16693,7439
paper_16694,7440
paper_16695,7441
paper_16696,7442
paper_16697,7443
paper_16698,7444
paper_16699,7445
paper_167,7446
paper_1670,7447
paper_16700,7448
paper_16701,7449
paper_16702,7450
paper_16703,7451
paper_16704,7452
paper_16705,7453
paper_16706,7454
paper_16707,7455
paper_16708,7456
paper_16709,7457
paper_1671,7458
paper_16710,7459
paper_16711,7460
paper_16712,7461
paper_16713,7462
paper_16714,7463
paper_16715,7464
paper_16716,7465
paper_16717,7466
paper_16718,7467
paper_16719,7468
paper_1672,7469
paper_16720,7470
paper_16721,7471
paper_16722,7472
paper_16723,7473
paper_16724,7474
paper_16725,7475
paper_16726,7476
paper_16727,7477
paper_16728,7478
paper_16729,7479
paper_1673,7480
paper_16730,7481
paper_16731,7482
paper_16732,7483
paper_16733,7484
paper_16734,7485
paper_16735,7486
paper_16736,7487
paper_16737,7488
paper_16738,7489
paper_16739,7490
paper_1674,7491
paper_16740,7492
paper_16741,7493
paper_16742,7494
paper_16743,7495
paper_16744,7496
paper_16745,7497
paper_16746,7498
paper_16747,7499
paper_16748,7500
paper_16749,7501
paper_1675,7502
paper_16750,7503
paper_16751,7504
paper_16752,7505
paper_16753,7506
paper_16754,7507
paper_16755,7508
paper_16756,7509
paper_16757,7510
paper_16758,7511
paper_16759,7512
paper_1676,7513
paper_16760,7514
paper_16761,7515
paper_16762,7516
paper_16763,7517
paper_16764,7518
paper_16765,7519
paper_16766,7520
paper_16767,7521
paper_16768,7522
paper_16769,7523
paper_1677,7524
paper_16770,7525
paper_16771,7526
paper_16772,7527
paper_16773,7528
paper_16774,7529
paper_16775,7530
paper_16776,7531
paper_16777,7532
paper_16778,7533
paper_16779,7534
paper_1678,7535
paper_16780,7536
paper_16781,7537
paper_16782,7538
paper_16783,7539
paper_16784,7540
paper_16785,7541
paper_16786,7542
paper_16787,7543
paper_16788,7544
paper_16789,7545
paper_1679,7546
paper_16790,7547
paper_16791,7548
paper_16792,7549
paper_16793,7550
paper_16794,7551
paper_16795,7552
paper_16796,7553
paper_16797,7554
paper_16798,7555
paper_16799,7556
paper_168,7557
paper_1680,7558
paper_16800,7559
paper_16801,7560
paper_16802,7561
paper_16803,7562
paper_16804,7563
paper_16805,7564
paper_16806,7565
paper_16807,7566
paper_16808,7567
paper_16809,7568
paper_1681,7569
paper_16810,7570
paper_16811,7571
paper_16812,7572
paper_16813,7573
paper_16814,7574
paper_16815,7575
paper_16816,7576
paper_16817,7577
paper_16818,7578
paper_16819,7579
paper_1682,7580
paper_16820,7581
paper_16821,7582
paper_16822,7583
paper_16823,7584
paper_16824,7585
paper_16825,7586
paper_16826,7587
paper_16827,7588
paper_16828,7589
paper_16829,7590
paper_1683,7591
paper_16830,7592
paper_16831,7593
paper_16832,7594
paper_16833,7595
paper_16834,7596
paper_16835,7597
paper_16836,7598
paper_16837,7599
paper_16838,7600
paper_16839,7601
paper_1684,7602
paper_16840,7603
paper_16841,7604
paper_16842,7605
paper_16843,7606
paper_16844,7607
paper_16845,7608
paper_16846,7609
paper_16847,7610
paper_16848,7611
paper_16849,7612
paper_1685,7613
paper_16850,7614
paper_16851,7615
paper_16852,7616
paper_16853,7617
paper_16854,7618
paper_16855,7619
paper_16856,7620
paper_16857,7621
paper_16858,7622
paper_16859,7623
paper_1686,7624
paper_16860,7625
paper_16861,7626
paper_16862,7627
paper_16863,7628
paper_16864,7629
paper_16865,7630
paper_16866,7631
paper_16867,7632
paper_16868,7633
paper_16869,7634
paper_1687,7635
paper_16870,7636
paper_16871,7637
paper_16872,7638
paper_16873,7639
paper_16874,7640
paper_16875,7641
paper_16876,7642
paper_16877,7643
paper_16878,7644
paper_16879,7645
paper_1688,7646
paper_16880,7647
paper_16881,7648
paper_16882,7649
paper_16883,7650
paper_16884,7651
paper_16885,7652
paper_16886,7653
paper_16887,7654
paper_16888,7655
paper_16889,7656
paper_1689,7657
paper_16890,7658
paper_16891,7659
paper_16892,7660
paper_16893,7661
paper_16894,7662
paper_16895,7663
paper_16896,7664
paper_16897,7665
paper_16898,7666
paper_16899,7667
paper_169,7668
paper_1690,7669
paper_16900,7670
paper_16901,7671
paper_16902,7672
paper_16903,7673
paper_16904,7674
paper_16905,7675
paper_16906,7676
paper_16907,7677
paper_16908,7678
paper_16909,7679
paper_1691,7680
paper_16910,7681
paper_16911,7682
paper_16912,7683
paper_16913,7684
paper_16914,7685
paper_16915,7686
paper_16916,7687
paper_16917,7688
paper_16918,7689
paper_16919,7690
paper_1692,7691
paper_16920,7692
paper_16921,7693
paper_16922,7694
paper_16923,7695
paper_16924,7696
paper_16925,7697
paper_16926,7698
paper_16927,7699
paper_16928,7700
paper_16929,7701
paper_1693,7702
paper_16930,7703
paper_16931,7704
paper_16932,7705
paper_16933,7706
paper_16934,7707
paper_16935,7708
paper_16936,7709
paper_16937,7710
paper_16938,7711
paper_16939,7712
paper_1694,7713
paper_16940,7714
paper_16941,7715
paper_16942,7716
paper_16943,7717
paper_16944,7718
paper_16945,7719
paper_16946,7720
paper_16947,7721
paper_16948,7722
paper_16949,7723
paper_1695,7724
paper_16950,7725
paper_16951,7726
paper_16952,7727
paper_16953,7728
paper_16954,7729
paper_16955,7730
paper_16956,7731
paper_16957,7732
paper_16958,7733
paper_16959,7734
paper_1696,7735
paper_16960,7736
paper_16961,7737
paper_16962,7738
paper_16963,7739
paper_16964,7740
paper_16965,7741
paper_16966,7742
paper_16967,7743
paper_16968,7744
paper_16969,7745
paper_1697,7746
paper_16970,7747
paper_16971,7748
paper_16972,7749
paper_16973,7750
paper_16974,7751
paper_16975,7752
paper_16976,7753
paper_16977,7754
paper_16978,7755
paper_16979,7756
paper_1698,7757
paper_16980,7758
paper_16981,7759
paper_16982,7760
paper_16983,7761
paper_16984,7762
paper_16985,7763
paper_16986,7764
paper_16987,7765
paper_16988,7766
paper_16989,7767
paper_1699,7768
paper_16990,7769
paper_16991,7770
paper_16992,7771
paper_16993,7772
paper_16994,7773
paper_16995,7774
paper_16996,7775
paper_16997,7776
paper_16998,7777
paper_16999,7778
paper_17,7779
paper_170,7780
paper_1700,7781
paper_17000,7782
paper_17001,7783
paper_17002,7784
paper_17003,7785
paper_17004,7786
paper_17005,7787
paper_17006,7788
paper_17007,7789
paper_17008,7790
paper_17009,7791
paper_1701,7792
paper_17010,7793
paper_17011,7794
paper_17012,7795
paper_17013,7796
paper_17014,7797
paper_17015,7798
paper_17016,7799
paper_17017,7800
paper_17018,7801
paper_17019,7802
paper_1702,7803
paper_17020,7804
paper_17021,7805
paper_17022,7806
paper_17023,7807
paper_17024,7808
paper_17025,7809
paper_17026,7810
paper_17027,7811
paper_17028,7812
paper_17029,7813
paper_1703,7814
paper_17030,7815
paper_17031,7816
paper_17032,7817
paper_17033,7818
paper_17034,7819
paper_17035,7820
paper_17036,7821
paper_17037,7822
paper_17038,7823
paper_17039,7824
paper_1704,7825
paper_17040,7826
paper_17041,7827
paper_17042,7828
paper_17043,7829
paper_17044,7830
paper_17045,7831
paper_17046,7832
paper_17047,7833
paper_17048,7834
paper_17049,7835
paper_1705,7836
paper_17050,7837
paper_17051,7838
paper_17052,7839
paper_17053,7840
paper_17054,7841
paper_17055,7842
paper_17056,7843
paper_17057,7844
paper_17058,7845
paper_17059,7846
paper_1706,7847
paper_17060,7848
paper_17061,7849
paper_17062,7850
paper_17063,7851
paper_17064,7852
paper_17065,7853
paper_17066,7854
paper_17067,7855
paper_17068,7856
paper_17069,7857
paper_1707,7858
paper_17070,7859
paper_17071,7860
paper_17072,7861
paper_17073,7862
paper_17074,7863
paper_17075,7864
paper_17076,7865
paper_17077,7866
paper_17078,7867
paper_17079,7868
paper_1708,7869
paper_17080,7870
paper_17081,7871
paper_17082,7872
paper_17083,7873
paper_17084,7874
paper_17085,7875
paper_17086,7876
paper_17087,7877
paper_17088,7878
paper_17089,7879
paper_1709,7880
paper_17090,7881
paper_17091,7882
paper_17092,7883
paper_17093,7884
paper_17094,7885
paper_17095,7886
paper_17096,7887
paper_17097,7888
paper_17098,7889
paper_17099,7890
paper_171,7891
paper_1710,7892
paper_17100,7893
paper_17101,7894
paper_17102,7895
paper_17103,7896
paper_17104,7897
paper_17105,7898
paper_17106,7899
paper_17107,7900
paper_17108,7901
paper_17109,7902
paper_1711,7903
paper_17110,7904
paper_17111,7905
paper_17112,7906
paper_17113,7907
paper_17114,7908
paper_17115,7909
paper_17116,7910
paper_17117,7911
paper_17118,7912
paper_17119,7913
paper_1712,7914
paper_17120,7915
paper_17121,7916
paper_17122,7917
paper_17123,7918
paper_17124,7919
paper_17125,7920
paper_17126,7921
paper_17127,7922
paper_17128,7923
paper_17129,7924
paper_1713,7925
paper_17130,7926
paper_17131,7927
paper_17132,7928
paper_17133,7929
paper_17134,7930
paper_17135,7931
paper_17136,7932
paper_17137,7933
paper_17138,7934
paper_17139,7935
paper_1714,7936
paper_17140,7937
paper_17141,7938
paper_17142,7939
paper_17143,7940
paper_17144,7941
paper_17145,7942
paper_17146,7943
paper_17147,7944
paper_17148,7945
paper_17149,7946
paper_1715,7947
paper_17150,7948
paper_17151,7949
paper_17152,7950
paper_17153,7951
paper_17154,7952
paper_17155,7953
paper_17156,7954
paper_17157,7955
paper_17158,7956
paper_17159,7957
paper_1716,7958
paper_17160,7959
paper_17161,7960
paper_17162,7961
paper_17163,7962
paper_17164,7963
paper_17165,7964
paper_17166,7965
paper_17167,7966
paper_17168,7967
paper_17169,7968
paper_1717,7969
paper_17170,7970
paper_17171,7971
paper_17172,7972
paper_17173,7973
paper_17174,7974
paper_17175,7975
paper_17176,7976
paper_17177,7977
paper_17178,7978
paper_17179,7979
paper_1718,7980
paper_17180,7981
paper_17181,7982
paper_17182,7983
paper_17183,7984
paper_17184,7985
paper_17185,7986
paper_17186,7987
paper_17187,7988
paper_17188,7989
paper_17189,7990
paper_1719,7991
paper_17190,7992
paper_17191,7993
paper_17192,7994
paper_17193,7995
paper_17194,7996
paper_17195,7997
paper_17196,7998
paper_17197,7999
paper_17198,8000
paper_17199,8001
paper_172,8002
paper_1720,8003
paper_17200,8004
paper_17201,8005
paper_17202,8006
paper_17203,8007
paper_17204,8008
paper_17205,8009
paper_17206,8010
paper_17207,8011
paper_17208,8012
paper_17209,8013
paper_1721,8014
paper_17210,8015
paper_17211,8016
paper_17212,8017
paper_17213,8018
paper_17214,8019
paper_17215,8020
paper_17216,8021
paper_17217,8022
paper_17218,8023
paper_17219,8024
paper_1722,8025
paper_17220,8026
paper_17221,8027
paper_17222,8028
paper_17223,8029
paper_17224,8030
paper_17225,8031
paper_17226,8032
paper_17227,8033
paper_17228,8034
paper_17229,8035
paper_1723,8036
paper_17230,8037
paper_17231,8038
paper_17232,8039
paper_17233,8040
paper_17234,8041
paper_17235,8042
paper_17236,8043
paper_17237,8044
paper_17238,8045
paper_17239,8046
paper_1724,8047
paper_17240,8048
paper_17241,8049
paper_17242,8050
paper_17243,8051
paper_17244,8052
paper_17245,8053
paper_17246,8054
paper_17247,8055
paper_17248,8056
paper_17249,8057
paper_1725,8058
paper_17250,8059
paper_17251,8060
paper_17252,8061
paper_17253,8062
paper_17254,8063
paper_17255,8064
paper_17256,8065
paper_17257,8066
paper_17258,8067
paper_17259,8068
paper_1726,8069
paper_17260,8070
paper_17261,8071
paper_17262,8072
paper_17263,8073
paper_17264,8074
paper_17265,8075
paper_17266,8076
paper_17267,8077
paper_17268,8078
paper_17269,8079
paper_1727,8080
paper_17270,8081
paper_17271,8082
paper_17272,8083
paper_17273,8084
paper_17274,8085
paper_17275,8086
paper_17276,8087
paper_17277,8088
paper_17278,8089
paper_17279,8090
paper_1728,8091
paper_17280,8092
paper_17281,8093
paper_17282,8094
paper_17283,8095
paper_17284,8096
paper_17285,8097
paper_17286,8098
paper_17287,8099
paper_17288,8100
paper_17289,8101
paper_1729,8102
paper_17290,8103
paper_17291,8104
paper_17292,8105
paper_17293,8106
paper_17294,8107
paper_17295,8108
paper_17296,8109
paper_17297,8110
paper_17298,8111
paper_17299,8112
paper_173,8113
paper_1730,8114
paper_17300,8115
paper_17301,8116
paper_17302,8117
paper_17303,8118
paper_17304,8119
paper_17305,8120
paper_17306,8121
paper_17307,8122
paper_17308,8123
paper_17309,8124
paper_1731,8125
paper_17310,8126
paper_17311,8127
paper_17312,8128
paper_17313,8129
paper_17314,8130
paper_17315,8131
paper_17316,8132
paper_17317,8133
paper_17318,8134
paper_17319,8135
paper_1732,8136
paper_17320,8137
paper_17321,8138
paper_17322,8139
paper_17323,8140
paper_17324,8141
paper_17325,8142
paper_17326,8143
paper_17327,8144
paper_17328,8145
paper_17329,8146
paper_1733,8147
paper_17330,8148
paper_17331,8149
paper_17332,8150
paper_17333,8151
paper_17334,8152
paper_17335,8153
paper_17336,8154
paper_17337,8155
paper_17338,8156
paper_17339,8157
paper_1734,8158
paper_17340,8159
paper_17341,8160
paper_17342,8161
paper_17343,8162
paper_17344,8163
paper_17345,8164
paper_17346,8165
paper_17347,8166
paper_17348,8167
paper_17349,8168
paper_1735,8169
paper_17350,8170
paper_17351,8171
paper_17352,8172
paper_17353,8173
paper_17354,8174
paper_17355,8175
paper_17356,8176
paper_17357,8177
paper_17358,8178
paper_17359,8179
paper_1736,8180
paper_17360,8181
paper_17361,8182
paper_17362,8183
paper_17363,8184
paper_17364,8185
paper_17365,8186
paper_17366,8187
paper_17367,8188
paper_17368,8189
paper_17369,8190
paper_1737,8191
paper_17370,8192
paper_17371,8193
paper_17372,8194
paper_17373,8195
paper_17374,8196
paper_17375,8197
paper_17376,8198
paper_17377,8199
paper_17378,8200
paper_17379,8201
paper_1738,8202
paper_17380,8203
paper_17381,8204
paper_17382,8205
paper_17383,8206
paper_17384,8207
paper_17385,8208
paper_17386,8209
paper_17387,8210
paper_17388,8211
paper_17389,8212
paper_1739,8213
paper_17390,8214
paper_17391,8215
paper_17392,8216
paper_17393,8217
paper_17394,8218
paper_17395,8219
paper_17396,8220
paper_17397,8221
paper_17398,8222
paper_17399,8223
paper_174,8224
paper_1740,8225
paper_17400,8226
paper_17401,8227
paper_17402,8228
paper_17403,8229
paper_17404,8230
paper_17405,8231
paper_17406,8232
paper_17407,8233
paper_17408,8234
paper_17409,8235
paper_1741,8236
paper_17410,8237
paper_17411,8238
paper_17412,8239
paper_17413,8240
paper_17414,8241
paper_17415,8242
paper_17416,8243
paper_17417,8244
paper_17418,8245
paper_17419,8246
paper_1742,8247
paper_17420,8248
paper_17421,8249
paper_17422,8250
paper_17423,8251
paper_17424,8252
paper_17425,8253
paper_17426,8254
paper_17427,8255
paper_17428,8256
paper_17429,8257
paper_1743,8258
paper_17430,8259
paper_17431,8260
paper_17432,8261
paper_17433,8262
paper_17434,8263
paper_17435,8264
paper_17436,8265
paper_17437,8266
paper_17438,8267
paper_17439,8268
paper_1744,8269
paper_17440,8270
paper_17441,8271
paper_17442,8272
paper_17443,8273
paper_17444,8274
paper_17445,8275
paper_17446,8276
paper_17447,8277
paper_17448,8278
paper_17449,8279
paper_1745,8280
paper_17450,8281
paper_17451,8282
paper_17452,8283
paper_17453,8284
paper_17454,8285
paper_17455,8286
paper_17456,8287
paper_17457,8288
paper_17458,8289
paper_17459,8290
paper_1746,8291
paper_17460,8292
paper_17461,8293
paper_17462,8294
paper_17463,8295
paper_17464,8296
paper_17465,8297
paper_17466,8298
paper_17467,8299
paper_17468,8300
paper_17469,8301
paper_1747,8302
paper_17470,8303
paper_17471,8304
paper_17472,8305
paper_17473,8306
paper_17474,8307
paper_17475,8308
paper_17476,8309
paper_17477,8310
paper_17478,8311
paper_17479,8312
paper_1748,8313
paper_17480,8314
paper_17481,8315
paper_17482,8316
paper_17483,8317
paper_17484,8318
paper_17485,8319
paper_17486,8320
paper_17487,8321
paper_17488,8322
paper_17489,8323
paper_1749,8324
paper_17490,8325
paper_17491,8326
paper_17492,8327
paper_17493,8328
paper_17494,8329
paper_17495,8330
paper_17496,8331
paper_17497,8332
paper_17498,8333
paper_17499,8334
paper_175,8335
paper_1750,8336
paper_17500,8337
paper_17501,8338
paper_17502,8339
paper_17503,8340
paper_17504,8341
paper_17505,8342
paper_17506,8343
paper_17507,8344
paper_17508,8345
paper_17509,8346
paper_1751,8347
paper_17510,8348
paper_17511,8349
paper_17512,8350
paper_17513,8351
paper_17514,8352
paper_17515,8353
paper_17516,8354
paper_17517,8355
paper_17518,8356
paper_17519,8357
paper_1752,8358
paper_17520,8359
paper_17521,8360
paper_17522,8361
paper_17523,8362
paper_17524,8363
paper_17525,8364
paper_17526,8365
paper_17527,8366
paper_17528,8367
paper_17529,8368
paper_1753,8369
paper_17530,8370
paper_17531,8371
paper_17532,8372
paper_17533,8373
paper_17534,8374
paper_17535,8375
paper_17536,8376
paper_17537,8377
paper_17538,8378
paper_17539,8379
paper_1754,8380
paper_17540,8381
paper_17541,8382
paper_17542,8383
paper_17543,8384
paper_17544,8385
paper_17545,8386
paper_17546,8387
paper_17547,8388
paper_17548,8389
paper_17549,8390
paper_1755,8391
paper_17550,8392
paper_17551,8393
paper_17552,8394
paper_17553,8395
paper_17554,8396
paper_17555,8397
paper_17556,8398
paper_17557,8399
paper_17558,8400
paper_17559,8401
paper_1756,8402
paper_17560,8403
paper_17561,8404
paper_17562,8405
paper_17563,8406
paper_17564,8407
paper_17565,8408
paper_17566,8409
paper_17567,8410
paper_17568,8411
paper_17569,8412
paper_1757,8413
paper_17570,8414
paper_17571,8415
paper_17572,8416
paper_17573,8417
paper_17574,8418
paper_17575,8419
paper_17576,8420
paper_17577,8421
paper_17578,8422
paper_17579,8423
paper_1758,8424
paper_17580,8425
paper_17581,8426
paper_17582,8427
paper_17583,8428
paper_17584,8429
paper_17585,8430
paper_17586,8431
paper_17587,8432
paper_17588,8433
paper_17589,8434
paper_1759,8435
paper_17590,8436
paper_17591,8437
paper_17592,8438
paper_17593,8439
paper_17594,8440
paper_17595,8441
paper_17596,8442
paper_17597,8443
paper_17598,8444
paper_17599,8445
paper_176,8446
paper_1760,8447
paper_17600,8448
paper_17601,8449
paper_17602,8450
paper_17603,8451
paper_17604,8452
paper_17605,8453
paper_17606,8454
paper_17607,8455
paper_17608,8456
paper_17609,8457
paper_1761,8458
paper_17610,8459
paper_17611,8460
paper_17612,8461
paper_17613,8462
paper_17614,8463
paper_17615,8464
paper_17616,8465
paper_17617,8466
paper_17618,8467
paper_17619,8468
paper_1762,8469
paper_17620,8470
paper_17621,8471
paper_17622,8472
paper_17623,8473
paper_17624,8474
paper_17625,8475
paper_17626,8476
paper_17627,8477
paper_17628,8478
paper_17629,8479
paper_1763,8480
paper_17630,8481
paper_17631,8482
paper_17632,8483
paper_17633,8484
paper_17634,8485
paper_17635,8486
paper_17636,8487
paper_17637,8488
paper_17638,8489
paper_17639,8490
paper_1764,8491
paper_17640,8492
paper_17641,8493
paper_17642,8494
paper_17643,8495
paper_17644,8496
paper_17645,8497
paper_17646,8498
paper_17647,8499
paper_17648,8500
paper_17649,8501
paper_1765,8502
paper_17650,8503
paper_17651,8504
paper_17652,8505
paper_17653,8506
paper_17654,8507
paper_17655,8508
paper_17656,8509
paper_17657,8510
paper_17658,8511
paper_17659,8512
paper_1766,8513
paper_17660,8514
paper_17661,8515
paper_17662,8516
paper_17663,8517
paper_17664,8518
paper_17665,8519
paper_17666,8520
paper_17667,8521
paper_17668,8522
paper_17669,8523
paper_1767,8524
paper_17670,8525
paper_17671,8526
paper_17672,8527
paper_17673,8528
paper_17674,8529
paper_17675,8530
paper_17676,8531
paper_17677,8532
paper_17678,8533
paper_17679,8534
paper_1768,8535
paper_17680,8536
paper_17681,8537
paper_17682,8538
paper_17683,8539
paper_17684,8540
paper_17685,8541
paper_17686,8542
paper_17687,8543
paper_17688,8544
paper_17689,8545
paper_1769,8546
paper_17690,8547
paper_17691,8548
paper_17692,8549
paper_17693,8550
paper_17694,8551
paper_17695,8552
paper_17696,8553
paper_17697,8554
paper_17698,8555
paper_17699,8556
paper_177,8557
paper_1770,8558
paper_17700,8559
paper_17701,8560
paper_17702,8561
paper_17703,8562
paper_17704,8563
paper_17705,8564
paper_17706,8565
paper_17707,8566
paper_17708,8567
paper_17709,8568
paper_1771,8569
paper_17710,8570
paper_17711,8571
paper_17712,8572
paper_17713,8573
paper_17714,8574
paper_17715,8575
paper_17716,8576
paper_17717,8577
paper_17718,8578
paper_17719,8579
paper_1772,8580
paper_17720,8581
paper_17721,8582
paper_17722,8583
paper_17723,8584
paper_17724,8585
paper_17725,8586
paper_17726,8587
paper_17727,8588
paper_17728,8589
paper_17729,8590
paper_1773,8591
paper_17730,8592
paper_17731,8593
paper_17732,8594
paper_17733,8595
paper_17734,8596
paper_17735,8597
paper_17736,8598
paper_17737,8599
paper_17738,8600
paper_17739,8601
paper_1774,8602
paper_17740,8603
paper_17741,8604
paper_17742,8605
paper_17743,8606
paper_17744,8607
paper_17745,8608
paper_17746,8609
paper_17747,8610
paper_17748,8611
paper_17749,8612
paper_1775,8613
paper_17750,8614
paper_17751,8615
paper_17752,8616
paper_17753,8617
paper_17754,8618
paper_17755,8619
paper_17756,8620
paper_17757,8621
paper_17758,8622
paper_17759,8623
paper_1776,8624
paper_17760,8625
paper_17761,8626
paper_17762,8627
paper_17763,8628
paper_17764,8629
paper_17765,8630
paper_17766,8631
paper_17767,8632
paper_17768,8633
paper_17769,8634
paper_1777,8635
paper_17770,8636
paper_17771,8637
paper_17772,8638
paper_17773,8639
paper_17774,8640
paper_17775,8641
paper_17776,8642
paper_17777,8643
paper_17778,8644
paper_17779,8645
paper_1778,8646
paper_17780,8647
paper_17781,8648
paper_17782,8649
paper_17783,8650
paper_17784,8651
paper_17785,8652
paper_17786,8653
paper_17787,8654
paper_17788,8655
paper_17789,8656
paper_1779,8657
paper_17790,8658
paper_17791,8659
paper_17792,8660
paper_17793,8661
paper_17794,8662
paper_17795,8663
paper_17796,8664
paper_17797,8665
paper_17798,8666
paper_17799,8667
paper_178,8668
paper_1780,8669
paper_17800,8670
paper_17801,8671
paper_17802,8672
paper_17803,8673
paper_17804,8674
paper_17805,8675
paper_17806,8676
paper_17807,8677
paper_17808,8678
paper_17809,8679
paper_1781,8680
paper_17810,8681
paper_17811,8682
paper_17812,8683
paper_17813,8684
paper_17814,8685
paper_17815,8686
paper_17816,8687
paper_17817,8688
paper_17818,8689
paper_17819,8690
paper_1782,8691
paper_17820,8692
paper_17821,8693
paper_17822,8694
paper_17823,8695
paper_17824,8696
paper_17825,8697
paper_17826,8698
paper_17827,8699
paper_17828,8700
paper_17829,8701
paper_1783,8702
paper_17830,8703
paper_17831,8704
paper_17832,8705
paper_17833,8706
paper_17834,8707
paper_17835,8708
paper_17836,8709
paper_17837,8710
paper_17838,8711
paper_17839,8712
paper_1784,8713
paper_17840,8714
paper_17841,8715
paper_17842,8716
paper_17843,8717
paper_17844,8718
paper_17845,8719
paper_17846,8720
paper_17847,8721
paper_17848,8722
paper_17849,8723
paper_1785,8724
paper_17850,8725
paper_17851,8726
paper_17852,8727
paper_17853,8728
paper_17854,8729
paper_17855,8730
paper_17856,8731
paper_17857,8732
paper_17858,8733
paper_17859,8734
paper_1786,8735
paper_17860,8736
paper_17861,8737
paper_17862,8738
paper_17863,8739
paper_17864,8740
paper_17865,8741
paper_17866,8742
paper_17867,8743
paper_17868,8744
paper_17869,8745
paper_1787,8746
paper_17870,8747
paper_17871,8748
paper_17872,8749
paper_17873,8750
paper_17874,8751
paper_17875,8752
paper_17876,8753
paper_17877,8754
paper_17878,8755
paper_17879,8756
paper_1788,8757
paper_17880,8758
paper_17881,8759
paper_17882,8760
paper_17883,8761
paper_17884,8762
paper_17885,8763
paper_17886,8764
paper_17887,8765
paper_17888,8766
paper_17889,8767
paper_1789,8768
paper_17890,8769
paper_17891,8770
paper_17892,8771
paper_17893,8772
paper_17894,8773
paper_17895,8774
paper_17896,8775
paper_17897,8776
paper_17898,8777
paper_17899,8778
paper_179,8779
paper_1790,8780
paper_17900,8781
paper_17901,8782
paper_17902,8783
paper_17903,8784
paper_17904,8785
paper_17905,8786
paper_17906,8787
paper_17907,8788
paper_17908,8789
paper_17909,8790
paper_1791,8791
paper_17910,8792
paper_17911,8793
paper_17912,8794
paper_17913,8795
paper_17914,8796
paper_17915,8797
paper_17916,8798
paper_17917,8799
paper_17918,8800
paper_17919,8801
paper_1792,8802
paper_17920,8803
paper_17921,8804
paper_17922,8805
paper_17923,8806
paper_17924,8807
paper_17925,8808
paper_17926,8809
paper_17927,8810
paper_17928,8811
paper_17929,8812
paper_1793,8813
paper_17930,8814
paper_17931,8815
paper_17932,8816
paper_17933,8817
paper_17934,8818
paper_17935,8819
paper_17936,8820
paper_17937,8821
paper_17938,8822
paper_17939,8823
paper_1794,8824
paper_17940,8825
paper_17941,8826
paper_17942,8827
paper_17943,8828
paper_17944,8829
paper_17945,8830
paper_17946,8831
paper_17947,8832
paper_17948,8833
paper_17949,8834
paper_1795,8835
paper_17950,8836
paper_17951,8837
paper_17952,8838
paper_17953,8839
paper_17954,8840
paper_17955,8841
paper_17956,8842
paper_17957,8843
paper_17958,8844
paper_17959,8845
paper_1796,8846
paper_17960,8847
paper_17961,8848
paper_17962,8849
paper_17963,8850
paper_17964,8851
paper_17965,8852
paper_17966,8853
paper_17967,8854
paper_17968,8855
paper_17969,8856
paper_1797,8857
paper_17970,8858
paper_17971,8859
paper_17972,8860
paper_17973,8861
paper_17974,8862
paper_17975,8863
paper_17976,8864
paper_17977,8865
paper_17978,8866
paper_17979,8867
paper_1798,8868
paper_17980,8869
paper_17981,8870
paper_17982,8871
paper_17983,8872
paper_17984,8873
paper_17985,8874
paper_17986,8875
paper_17987,8876
paper_17988,8877
paper_17989,8878
paper_1799,8879
paper_17990,8880
paper_17991,8881
paper_17992,8882
paper_17993,8883
paper_17994,8884
paper_17995,8885
paper_17996,8886
paper_17997,8887
paper_17998,8888
paper_17999,8889
paper_18,8890
paper_180,8891
paper_1800,8892
paper_18000,8893
paper_18001,8894
paper_18002,8895
paper_18003,8896
paper_18004,8897
paper_18005,8898
paper_18006,8899
paper_18007,8900
paper_18008,8901
paper_18009,8902
paper_1801,8903
paper_18010,8904
paper_18011,8905
paper_18012,8906
paper_18013,8907
paper_18014,8908
paper_18015,8909
paper_18016,8910
paper_18017,8911
paper_18018,8912
paper_18019,8913
paper_1802,8914
paper_18020,8915
paper_18021,8916
paper_18022,8917
paper_18023,8918
paper_18024,8919
paper_18025,8920
paper_18026,8921
paper_18027,8922
paper_18028,8923
paper_18029,8924
paper_1803,8925
paper_18030,8926
paper_18031,8927
paper_18032,8928
paper_18033,8929
paper_18034,8930
paper_18035,8931
paper_18036,8932
paper_18037,8933
paper_18038,8934
paper_18039,8935
paper_1804,8936
paper_18040,8937
paper_18041,8938
paper_18042,8939
paper_18043,8940
paper_18044,8941
paper_18045,8942
paper_18046,8943
paper_18047,8944
paper_18048,8945
paper_18049,8946
paper_1805,8947
paper_18050,8948
paper_18051,8949
paper_18052,8950
paper_18053,8951
paper_18054,8952
paper_18055,8953
paper_18056,8954
paper_18057,8955
paper_18058,8956
paper_18059,8957
paper_1806,8958
paper_18060,8959
paper_18061,8960
paper_18062,8961
paper_18063,8962
paper_18064,8963
paper_18065,8964
paper_18066,8965
paper_18067,8966
paper_18068,8967
paper_18069,8968
paper_1807,8969
paper_18070,8970
paper_18071,8971
paper_18072,8972
paper_18073,8973
paper_18074,8974
paper_18075,8975
paper_18076,8976
paper_18077,8977
paper_18078,8978
paper_18079,8979
paper_1808,8980
paper_18080,8981
paper_18081,8982
paper_18082,8983
paper_18083,8984
paper_18084,8985
paper_18085,8986
paper_18086,8987
paper_18087,8988
paper_18088,8989
paper_18089,8990
paper_1809,8991
paper_18090,8992
paper_18091,8993
paper_18092,8994
paper_18093,8995
paper_18094,8996
paper_18095,8997
paper_18096,8998
paper_18097,8999
paper_18098,9000
paper_18099,9001
paper_181,9002
paper_1810,9003
paper_18100,9004
paper_18101,9005
paper_18102,9006
paper_18103,9007
paper_18104,9008
paper_18105,9009
paper_18106,9010
paper_18107,9011
paper_18108,9012
paper_18109,9013
paper_1811,9014
paper_18110,9015
paper_18111,9016
paper_18112,9017
paper_18113,9018
paper_18114,9019
paper_18115,9020
paper_18116,9021
paper_18117,9022
paper_18118,9023
paper_18119,9024
paper_1812,9025
paper_18120,9026
paper_18121,9027
paper_18122,9028
paper_18123,9029
paper_18124,9030
paper_18125,9031
paper_18126,9032
paper_18127,9033
paper_18128,9034
paper_18129,9035
paper_1813,9036
paper_18130,9037
paper_18131,9038
paper_18132,9039
paper_18133,9040
paper_18134,9041
paper_18135,9042
paper_18136,9043
paper_18137,9044
paper_18138,9045
paper_18139,9046
paper_1814,9047
paper_18140,9048
paper_18141,9049
paper_18142,9050
paper_18143,9051
paper_18144,9052
paper_18145,9053
paper_18146,9054
paper_18147,9055
paper_18148,9056
paper_18149,9057
paper_1815,9058
paper_18150,9059
paper_18151,9060
paper_18152,9061
paper_18153,9062
paper_18154,9063
paper_18155,9064
paper_18156,9065
paper_18157,9066
paper_18158,9067
paper_18159,9068
paper_1816,9069
paper_18160,9070
paper_18161,9071
paper_18162,9072
paper_18163,9073
paper_18164,9074
paper_18165,9075
paper_18166,9076
paper_18167,9077
paper_18168,9078
paper_18169,9079
paper_1817,9080
paper_18170,9081
paper_18171,9082
paper_18172,9083
paper_18173,9084
paper_18174,9085
paper_18175,9086
paper_18176,9087
paper_18177,9088
paper_18178,9089
paper_18179,9090
paper_1818,9091
paper_18180,9092
paper_18181,9093
paper_18182,9094
paper_18183,9095
paper_18184,9096
paper_18185,9097
paper_18186,9098
paper_18187,9099
paper_18188,9100
paper_18189,9101
paper_1819,9102
paper_18190,9103
paper_18191,9104
paper_18192,9105
paper_18193,9106
paper_18194,9107
paper_18195,9108
paper_18196,9109
paper_18197,9110
paper_18198,9111
paper_18199,9112
paper_182,9113
paper_1820,9114
paper_18200,9115
paper_18201,9116
paper_18202,9117
paper_18203,9118
paper_18204,9119
paper_18205,9120
paper_18206,9121
paper_18207,9122
paper_18208,9123
paper_18209,9124
paper_1821,9125
paper_18210,9126
paper_18211,9127
paper_18212,9128
paper_18213,9129
paper_18214,9130
paper_18215,9131
paper_18216,9132
paper_18217,9133
paper_18218,9134
paper_18219,9135
paper_1822,9136
paper_18220,9137
paper_18221,9138
paper_18222,9139
paper_18223,9140
paper_18224,9141
paper_18225,9142
paper_18226,9143
paper_18227,9144
paper_18228,9145
paper_18229,9146
paper_1823,9147
paper_18230,9148
paper_18231,9149
paper_18232,9150
paper_18233,9151
paper_18234,9152
paper_18235,9153
paper_18236,9154
paper_18237,9155
paper_18238,9156
paper_18239,9157
paper_1824,9158
paper_18240,9159
paper_18241,9160
paper_18242,9161
paper_18243,9162
paper_18244,9163
paper_18245,9164
paper_18246,9165
paper_18247,9166
paper_18248,9167
paper_18249,9168
paper_1825,9169
paper_18250,9170
paper_18251,9171
paper_18252,9172
paper_18253,9173
paper_18254,9174
paper_18255,9175
paper_18256,9176
paper_18257,9177
paper_18258,9178
paper_18259,9179
paper_1826,9180
paper_18260,9181
paper_18261,9182
paper_18262,9183
paper_18263,9184
paper_18264,9185
paper_18265,9186
paper_18266,9187
paper_18267,9188
paper_18268,9189
paper_18269,9190
paper_1827,9191
paper_18270,9192
paper_18271,9193
paper_18272,9194
paper_18273,9195
paper_18274,9196
paper_18275,9197
paper_18276,9198
paper_18277,9199
paper_18278,9200
paper_18279,9201
paper_1828,9202
paper_18280,9203
paper_18281,9204
paper_18282,9205
paper_18283,9206
paper_18284,9207
paper_18285,9208
paper_18286,9209
paper_18287,9210
paper_18288,9211
paper_18289,9212
paper_1829,9213
paper_18290,9214
paper_18291,9215
paper_18292,9216
paper_18293,9217
paper_18294,9218
paper_18295,9219
paper_18296,9220
paper_18297,9221
paper_18298,9222
paper_18299,9223
paper_183,9224
paper_1830,9225
paper_18300,9226
paper_18301,9227
paper_18302,9228
paper_18303,9229
paper_18304,9230
paper_18305,9231
paper_18306,9232
paper_18307,9233
paper_18308,9234
paper_18309,9235
paper_1831,9236
paper_18310,9237
paper_18311,9238
paper_18312,9239
paper_18313,9240
paper_18314,9241
paper_18315,9242
paper_18316,9243
paper_18317,9244
paper_18318,9245
paper_18319,9246
paper_1832,9247
paper_18320,9248
paper_18321,9249
paper_18322,9250
paper_18323,9251
paper_18324,9252
paper_18325,9253
paper_18326,9254
paper_18327,9255
paper_18328,9256
paper_18329,9257
paper_1833,9258
paper_18330,9259
paper_18331,9260
paper_18332,9261
paper_18333,9262
paper_18334,9263
paper_18335,9264
paper_18336,9265
paper_18337,9266
paper_18338,9267
paper_18339,9268
paper_1834,9269
paper_18340,9270
paper_18341,9271
paper_18342,9272
paper_18343,9273
paper_18344,9274
paper_18345,9275
paper_18346,9276
paper_18347,9277
paper_18348,9278
paper_18349,9279
paper_1835,9280
paper_18350,9281
paper_18351,9282
paper_18352,9283
paper_18353,9284
paper_18354,9285
paper_18355,9286
paper_18356,9287
paper_18357,9288
paper_18358,9289
paper_18359,9290
paper_1836,9291
paper_18360,9292
paper_18361,9293
paper_18362,9294
paper_18363,9295
paper_18364,9296
paper_18365,9297
paper_18366,9298
paper_18367,9299
paper_18368,9300
paper_18369,9301
paper_1837,9302
paper_18370,9303
paper_18371,9304
paper_18372,9305
paper_18373,9306
paper_18374,9307
paper_18375,9308
paper_18376,9309
paper_18377,9310
paper_18378,9311
paper_18379,9312
paper_1838,9313
paper_18380,9314
paper_18381,9315
paper_18382,9316
paper_18383,9317
paper_18384,9318
paper_18385,9319
paper_18386,9320
paper_18387,9321
paper_18388,9322
paper_18389,9323
paper_1839,9324
paper_18390,9325
paper_18391,9326
paper_18392,9327
paper_18393,9328
paper_18394,9329
paper_18395,9330
paper_18396,9331
paper_18397,9332
paper_18398,9333
paper_18399,9334
paper_184,9335
paper_1840,9336
paper_18400,9337
paper_18401,9338
paper_18402,9339
paper_18403,9340
paper_18404,9341
paper_18405,9342
paper_18406,9343
paper_18407,9344
paper_18408,9345
paper_18409,9346
paper_1841,9347
paper_18410,9348
paper_18411,9349
paper_18412,9350
paper_18413,9351
paper_18414,9352
paper_18415,9353
paper_18416,9354
paper_18417,9355
paper_18418,9356
paper_18419,9357
paper_1842,9358
paper_18420,9359
paper_18421,9360
paper_18422,9361
paper_18423,9362
paper_18424,9363
paper_18425,9364
paper_18426,9365
paper_18427,9366
paper_18428,9367
paper_18429,9368
paper_1843,9369
paper_18430,9370
paper_18431,9371
paper_18432,9372
paper_18433,9373
paper_18434,9374
paper_18435,9375
paper_18436,9376
paper_18437,9377
paper_18438,9378
paper_18439,9379
paper_1844,9380
paper_18440,9381
paper_18441,9382
paper_18442,9383
paper_18443,9384
paper_18444,9385
paper_18445,9386
paper_18446,9387
paper_18447,9388
paper_18448,9389
paper_18449,9390
paper_1845,9391
paper_18450,9392
paper_18451,9393
paper_18452,9394
paper_18453,9395
paper_18454,9396
paper_18455,9397
paper_18456,9398
paper_18457,9399
paper_18458,9400
paper_18459,9401
paper_1846,9402
paper_18460,9403
paper_18461,9404
paper_18462,9405
paper_18463,9406
paper_18464,9407
paper_18465,9408
paper_18466,9409
paper_18467,9410
paper_18468,9411
paper_18469,9412
paper_1847,9413
paper_18470,9414
paper_18471,9415
paper_18472,9416
paper_18473,9417
paper_18474,9418
paper_18475,9419
paper_18476,9420
paper_18477,9421
paper_18478,9422
paper_18479,9423
paper_1848,9424
paper_18480,9425
paper_18481,9426
paper_18482,9427
paper_18483,9428
paper_18484,9429
paper_18485,9430
paper_18486,9431
paper_18487,9432
paper_18488,9433
paper_18489,9434
paper_1849,9435
paper_18490,9436
paper_18491,9437
paper_18492,9438
paper_18493,9439
paper_18494,9440
paper_18495,9441
paper_18496,9442
paper_18497,9443
paper_18498,9444
paper_18499,9445
paper_185,9446
paper_1850,9447
paper_18500,9448
paper_18501,9449
paper_18502,9450
paper_18503,9451
paper_18504,9452
paper_18505,9453
paper_18506,9454
paper_18507,9455
paper_18508,9456
paper_18509,9457
paper_1851,9458
paper_18510,9459
paper_18511,9460
paper_18512,9461
paper_18513,9462
paper_18514,9463
paper_18515,9464
paper_18516,9465
paper_18517,9466
paper_18518,9467
paper_18519,9468
paper_1852,9469
paper_18520,9470
paper_18521,9471
paper_18522,9472
paper_18523,9473
paper_18524,9474
paper_18525,9475
paper_18526,9476
paper_18527,9477
paper_18528,9478
paper_18529,9479
paper_1853,9480
paper_18530,9481
paper_18531,9482
paper_18532,9483
paper_18533,9484
paper_18534,9485
paper_18535,9486
paper_18536,9487
paper_18537,9488
paper_18538,9489
paper_18539,9490
paper_1854,9491
paper_18540,9492
paper_18541,9493
paper_18542,9494
paper_18543,9495
paper_18544,9496
paper_18545,9497
paper_18546,9498
paper_18547,9499
paper_18548,9500
paper_18549,9501
paper_1855,9502
paper_18550,9503
paper_18551,9504
paper_18552,9505
paper_18553,9506
paper_18554,9507
paper_18555,9508
paper_18556,9509
paper_18557,9510
paper_18558,9511
paper_18559,9512
paper_1856,9513
paper_18560,9514
paper_18561,9515
paper_18562,9516
paper_18563,9517
paper_18564,9518
paper_18565,9519
paper_18566,9520
paper_18567,9521
paper_18568,9522
paper_18569,9523
paper_1857,9524
paper_18570,9525
paper_18571,9526
paper_18572,9527
paper_18573,9528
paper_18574,9529
paper_18575,9530
paper_18576,9531
paper_18577,9532
paper_18578,9533
paper_18579,9534
paper_1858,9535
paper_18580,9536
paper_18581,9537
paper_18582,9538
paper_18583,9539
paper_18584,9540
paper_18585,9541
paper_18586,9542
paper_18587,9543
paper_18588,9544
paper_18589,9545
paper_1859,9546
paper_18590,9547
paper_18591,9548
paper_18592,9549
paper_18593,9550
paper_18594,9551
paper_18595,9552
paper_18596,9553
paper_18597,9554
paper_18598,9555
paper_18599,9556
paper_186,9557
paper_1860,9558
paper_18600,9559
paper_18601,9560
paper_18602,9561
paper_18603,9562
paper_18604,9563
paper_18605,9564
paper_18606,9565
paper_18607,9566
paper_18608,9567
paper_18609,9568
paper_1861,9569
paper_18610,9570
paper_18611,9571
paper_18612,9572
paper_18613,9573
paper_18614,9574
paper_18615,9575
paper_18616,9576
paper_18617,9577
paper_18618,9578
paper_18619,9579
paper_1862,9580
paper_18620,9581
paper_18621,9582
paper_18622,9583
paper_18623,9584
paper_18624,9585
paper_18625,9586
paper_18626,9587
paper_18627,9588
paper_18628,9589
paper_18629,9590
paper_1863,9591
paper_18630,9592
paper_18631,9593
paper_18632,9594
paper_18633,9595
paper_18634,9596
paper_18635,9597
paper_18636,9598
paper_18637,9599
paper_18638,9600
paper_18639,9601
paper_1864,9602
paper_18640,9603
paper_18641,9604
paper_18642,9605
paper_18643,9606
paper_18644,9607
paper_18645,9608
paper_18646,9609
paper_18647,9610
paper_18648,9611
paper_18649,9612
paper_1865,9613
paper_18650,9614
paper_18651,9615
paper_18652,9616
paper_18653,9617
paper_18654,9618
paper_18655,9619
paper_18656,9620
paper_18657,9621
paper_18658,9622
paper_18659,9623
paper_1866,9624
paper_18660,9625
paper_18661,9626
paper_18662,9627
paper_18663,9628
paper_18664,9629
paper_18665,9630
paper_18666,9631
paper_18667,9632
paper_18668,9633
paper_18669,9634
paper_1867,9635
paper_18670,9636
paper_18671,9637
paper_18672,9638
paper_18673,9639
paper_18674,9640
paper_18675,9641
paper_18676,9642
paper_18677,9643
paper_18678,9644
paper_18679,9645
paper_1868,9646
paper_18680,9647
paper_18681,9648
paper_18682,9649
paper_18683,9650
paper_18684,9651
paper_18685,9652
paper_18686,9653
paper_18687,9654
paper_18688,9655
paper_18689,9656
paper_1869,9657
paper_18690,9658
paper_18691,9659
paper_18692,9660
paper_18693,9661
paper_18694,9662
paper_18695,9663
paper_18696,9664
paper_18697,9665
paper_18698,9666
paper_18699,9667
paper_187,9668
paper_1870,9669
paper_18700,9670
paper_18701,9671
paper_18702,9672
paper_18703,9673
paper_18704,9674
paper_18705,9675
paper_18706,9676
paper_18707,9677
paper_18708,9678
paper_18709,9679
paper_1871,9680
paper_18710,9681
paper_18711,9682
paper_18712,9683
paper_18713,9684
paper_18714,9685
paper_18715,9686
paper_18716,9687
paper_18717,9688
paper_18718,9689
paper_18719,9690
paper_1872,9691
paper_18720,9692
paper_18721,9693
paper_18722,9694
paper_18723,9695
paper_18724,9696
paper_18725,9697
paper_18726,9698
paper_18727,9699
paper_18728,9700
paper_18729,9701
paper_1873,9702
paper_18730,9703
paper_18731,9704
paper_18732,9705
paper_18733,9706
paper_18734,9707
paper_18735,9708
paper_18736,9709
paper_18737,9710
paper_18738,9711
paper_18739,9712
paper_1874,9713
paper_18740,9714
paper_18741,9715
paper_18742,9716
paper_18743,9717
paper_18744,9718
paper_18745,9719
paper_18746,9720
paper_18747,9721
paper_18748,9722
paper_18749,9723
paper_1875,9724
paper_18750,9725
paper_18751,9726
paper_18752,9727
paper_18753,9728
paper_18754,9729
paper_18755,9730
paper_18756,9731
paper_18757,9732
paper_18758,9733
paper_18759,9734
paper_1876,9735
paper_18760,9736
paper_18761,9737
paper_18762,9738
paper_18763,9739
paper_18764,9740
paper_18765,9741
paper_18766,9742
paper_18767,9743
paper_18768,9744
paper_18769,9745
paper_1877,9746
paper_18770,9747
paper_18771,9748
paper_18772,9749
paper_18773,9750
paper_18774,9751
paper_18775,9752
paper_18776,9753
paper_18777,9754
paper_18778,9755
paper_18779,9756
paper_1878,9757
paper_18780,9758
paper_18781,9759
paper_18782,9760
paper_18783,9761
paper_18784,9762
paper_18785,9763
paper_18786,9764
paper_18787,9765
paper_18788,9766
paper_18789,9767
paper_1879,9768
paper_18790,9769
paper_18791,9770
paper_18792,9771
paper_18793,9772
paper_18794,9773
paper_18795,9774
paper_18796,9775
paper_18797,9776
paper_18798,9777
paper_18799,9778
paper_188,9779
paper_1880,9780
paper_18800,9781
paper_18801,9782
paper_18802,9783
paper_18803,9784
paper_18804,9785
paper_18805,9786
paper_18806,9787
paper_18807,9788
paper_18808,9789
paper_18809,9790
paper_1881,9791
paper_18810,9792
paper_18811,9793
paper_18812,9794
paper_18813,9795
paper_18814,9796
paper_18815,9797
paper_18816,9798
paper_18817,9799
paper_18818,9800
paper_18819,9801
paper_1882,9802
paper_18820,9803
paper_18821,9804
paper_18822,9805
paper_18823,9806
paper_18824,9807
paper_18825,9808
paper_18826,9809
paper_18827,9810
paper_18828,9811
paper_18829,9812
paper_1883,9813
paper_18830,9814
paper_18831,9815
paper_18832,9816
paper_18833,9817
paper_18834,9818
paper_18835,9819
paper_18836,9820
paper_18837,9821
paper_18838,9822
paper_18839,9823
paper_1884,9824
paper_18840,9825
paper_18841,9826
paper_18842,9827
paper_18843,9828
paper_18844,9829
paper_18845,9830
paper_18846,9831
paper_18847,9832
paper_18848,9833
paper_18849,9834
paper_1885,9835
paper_18850,9836
paper_18851,9837
paper_18852,9838
paper_18853,9839
paper_18854,9840
paper_18855,9841
paper_18856,9842
paper_18857,9843
paper_18858,9844
paper_18859,9845
paper_1886,9846
paper_18860,9847
paper_18861,9848
paper_18862,9849
paper_18863,9850
paper_18864,9851
paper_18865,9852
paper_18866,9853
paper_18867,9854
paper_18868,9855
paper_18869,9856
paper_1887,9857
paper_18870,9858
paper_18871,9859
paper_18872,9860
paper_18873,9861
paper_18874,9862
paper_18875,9863
paper_18876,9864
paper_18877,9865
paper_18878,9866
paper_18879,9867
paper_1888,9868
paper_18880,9869
paper_18881,9870
paper_18882,9871
paper_18883,9872
paper_18884,9873
paper_18885,9874
paper_18886,9875
paper_18887,9876
paper_18888,9877
paper_18889,9878
paper_1889,9879
paper_18890,9880
paper_18891,9881
paper_18892,9882
paper_18893,9883
paper_18894,9884
paper_18895,9885
paper_18896,9886
paper_18897,9887
paper_18898,9888
paper_18899,9889
paper_189,9890
paper_1890,9891
paper_18900,9892
paper_18901,9893
paper_18902,9894
paper_18903,9895
paper_18904,9896
paper_18905,9897
paper_18906,9898
paper_18907,9899
paper_18908,9900
paper_18909,9901
paper_1891,9902
paper_18910,9903
paper_18911,9904
paper_18912,9905
paper_18913,9906
paper_18914,9907
paper_18915,9908
paper_18916,9909
paper_18917,9910
paper_18918,9911
paper_18919,9912
paper_1892,9913
paper_18920,9914
paper_18921,9915
paper_18922,9916
paper_18923,9917
paper_18924,9918
paper_18925,9919
paper_18926,9920
paper_18927,9921
paper_18928,9922
paper_18929,9923
paper_1893,9924
paper_18930,9925
paper_18931,9926
paper_18932,9927
paper_18933,9928
paper_18934,9929
paper_18935,9930
paper_18936,9931
paper_18937,9932
paper_18938,9933
paper_18939,9934
paper_1894,9935
paper_18940,9936
paper_18941,9937
paper_18942,9938
paper_18943,9939
paper_18944,9940
paper_18945,9941
paper_18946,9942
paper_18947,9943
paper_18948,9944
paper_18949,9945
paper_1895,9946
paper_18950,9947
paper_18951,9948
paper_18952,9949
paper_18953,9950
paper_18954,9951
paper_18955,9952
paper_18956,9953
paper_18957,9954
paper_18958,9955
paper_18959,9956
paper_1896,9957
paper_18960,9958
paper_18961,9959
paper_18962,9960
paper_18963,9961
paper_18964,9962
paper_18965,9963
paper_18966,9964
paper_18967,9965
paper_18968,9966
paper_18969,9967
paper_1897,9968
paper_18970,9969
paper_18971,9970
paper_18972,9971
paper_18973,9972
paper_18974,9973
paper_18975,9974
paper_18976,9975
paper_18977,9976
paper_18978,9977
paper_18979,9978
paper_1898,9979
paper_18980,9980
paper_18981,9981
paper_18982,9982
paper_18983,9983
paper_18984,9984
paper_18985,9985
paper_18986,9986
paper_18987,9987
paper_18988,9988
paper_18989,9989
paper_1899,9990
paper_18990,9991
paper_18991,9992
paper_18992,9993
paper_18993,9994
paper_18994,9995
paper_18995,9996
paper_18996,9997
paper_18997,9998
paper_18998,9999
paper_18999,10000
paper_19,10001
paper_190,10002
paper_1900,10003
paper_19000,10004
paper_19001,10005
paper_19002,10006
paper_19003,10007
paper_19004,10008
paper_19005,10009
paper_19006,10010
paper_19007,10011
paper_19008,10012
paper_19009,10013
paper_1901,10014
paper_19010,10015
paper_19011,10016
paper_19012,10017
paper_19013,10018
paper_19014,10019
paper_19015,10020
paper_19016,10021
paper_19017,10022
paper_19018,10023
paper_19019,10024
paper_1902,10025
paper_19020,10026
paper_19021,10027
paper_19022,10028
paper_19023,10029
paper_19024,10030
paper_19025,10031
paper_19026,10032
paper_19027,10033
paper_19028,10034
paper_19029,10035
paper_1903,10036
paper_19030,10037
paper_19031,10038
paper_19032,10039
paper_19033,10040
paper_19034,10041
paper_19035,10042
paper_19036,10043
paper_19037,10044
paper_19038,10045
paper_19039,10046
paper_1904,10047
paper_19040,10048
paper_19041,10049
paper_19042,10050
paper_19043,10051
paper_19044,10052
paper_19045,10053
paper_19046,10054
paper_19047,10055
paper_19048,10056
paper_19049,10057
paper_1905,10058
paper_19050,10059
paper_19051,10060
paper_19052,10061
paper_19053,10062
paper_19054,10063
paper_19055,10064
paper_19056,10065
paper_19057,10066
paper_19058,10067
paper_19059,10068
paper_1906,10069
paper_19060,10070
paper_19061,10071
paper_19062,10072
paper_19063,10073
paper_19064,10074
paper_19065,10075
paper_19066,10076
paper_19067,10077
paper_19068,10078
paper_19069,10079
paper_1907,10080
paper_19070,10081
paper_19071,10082
paper_19072,10083
paper_19073,10084
paper_19074,10085
paper_19075,10086
paper_19076,10087
paper_19077,10088
paper_19078,10089
paper_19079,10090
paper_1908,10091
paper_19080,10092
paper_19081,10093
paper_19082,10094
paper_19083,10095
paper_19084,10096
paper_19085,10097
paper_19086,10098
paper_19087,10099
paper_19088,10100
paper_19089,10101
paper_1909,10102
paper_19090,10103
paper_19091,10104
paper_19092,10105
paper_19093,10106
paper_19094,10107
paper_19095,10108
paper_19096,10109
paper_19097,10110
paper_19098,10111
paper_19099,10112
paper_191,10113
paper_1910,10114
paper_19100,10115
paper_19101,10116
paper_19102,10117
paper_19103,10118
paper_19104,10119
paper_19105,10120
paper_19106,10121
paper_19107,10122
paper_19108,10123
paper_19109,10124
paper_1911,10125
paper_19110,10126
paper_19111,10127
paper_19112,10128
paper_19113,10129
paper_19114,10130
paper_19115,10131
paper_19116,10132
paper_19117,10133
paper_19118,10134
paper_19119,10135
paper_1912,10136
paper_19120,10137
paper_19121,10138
paper_19122,10139
paper_19123,10140
paper_19124,10141
paper_19125,10142
paper_19126,10143
paper_19127,10144
paper_19128,10145
paper_19129,10146
paper_1913,10147
paper_19130,10148
paper_19131,10149
paper_19132,10150
paper_19133,10151
paper_19134,10152
paper_19135,10153
paper_19136,10154
paper_19137,10155
paper_19138,10156
paper_19139,10157
paper_1914,10158
paper_19140,10159
paper_19141,10160
paper_19142,10161
paper_19143,10162
paper_19144,10163
paper_19145,10164
paper_19146,10165
paper_19147,10166
paper_19148,10167
paper_19149,10168
paper_1915,10169
paper_19150,10170
paper_19151,10171
paper_19152,10172
paper_19153,10173
paper_19154,10174
paper_19155,10175
paper_19156,10176
paper_19157,10177
paper_19158,10178
paper_19159,10179
paper_1916,10180
paper_19160,10181
paper_19161,10182
paper_19162,10183
paper_19163,10184
paper_19164,10185
paper_19165,10186
paper_19166,10187
paper_19167,10188
paper_19168,10189
paper_19169,10190
paper_1917,10191
paper_19170,10192
paper_19171,10193
paper_19172,10194
paper_19173,10195
paper_19174,10196
paper_19175,10197
paper_19176,10198
paper_19177,10199
paper_19178,10200
paper_19179,10201
paper_1918,10202
paper_19180,10203
paper_19181,10204
paper_19182,10205
paper_19183,10206
paper_19184,10207
paper_19185,10208
paper_19186,10209
paper_19187,10210
paper_19188,10211
paper_19189,10212
paper_1919,10213
paper_19190,10214
paper_19191,10215
paper_19192,10216
paper_19193,10217
paper_19194,10218
paper_19195,10219
paper_19196,10220
paper_19197,10221
paper_19198,10222
paper_19199,10223
paper_192,10224
paper_1920,10225
paper_19200,10226
paper_19201,10227
paper_19202,10228
paper_19203,10229
paper_19204,10230
paper_19205,10231
paper_19206,10232
paper_19207,10233
paper_19208,10234
paper_19209,10235
paper_1921,10236
paper_19210,10237
paper_19211,10238
paper_19212,10239
paper_19213,10240
paper_19214,10241
paper_19215,10242
paper_19216,10243
paper_19217,10244
paper_19218,10245
paper_19219,10246
paper_1922,10247
paper_19220,10248
paper_19221,10249
paper_19222,10250
paper_19223,10251
paper_19224,10252
paper_19225,10253
paper_19226,10254
paper_19227,10255
paper_19228,10256
paper_19229,10257
paper_1923,10258
paper_19230,10259
paper_19231,10260
paper_19232,10261
paper_19233,10262
paper_19234,10263
paper_19235,10264
paper_19236,10265
paper_19237,10266
paper_19238,10267
paper_19239,10268
paper_1924,10269
paper_19240,10270
paper_19241,10271
paper_19242,10272
paper_19243,10273
paper_19244,10274
paper_19245,10275
paper_19246,10276
paper_19247,10277
paper_19248,10278
paper_19249,10279
paper_1925,10280
paper_19250,10281
paper_19251,10282
paper_19252,10283
paper_19253,10284
paper_19254,10285
paper_19255,10286
paper_19256,10287
paper_19257,10288
paper_19258,10289
paper_19259,10290
paper_1926,10291
paper_19260,10292
paper_19261,10293
paper_19262,10294
paper_19263,10295
paper_19264,10296
paper_19265,10297
paper_19266,10298
paper_19267,10299
paper_19268,10300
paper_19269,10301
paper_1927,10302
paper_19270,10303
paper_19271,10304
paper_19272,10305
paper_19273,10306
paper_19274,10307
paper_19275,10308
paper_19276,10309
paper_19277,10310
paper_19278,10311
paper_19279,10312
paper_1928,10313
paper_19280,10314
paper_19281,10315
paper_19282,10316
paper_19283,10317
paper_19284,10318
paper_19285,10319
paper_19286,10320
paper_19287,10321
paper_19288,10322
paper_19289,10323
paper_1929,10324
paper_19290,10325
paper_19291,10326
paper_19292,10327
paper_19293,10328
paper_19294,10329
paper_19295,10330
paper_19296,10331
paper_19297,10332
paper_19298,10333
paper_19299,10334
paper_193,10335
paper_1930,10336
paper_19300,10337
paper_19301,10338
paper_19302,10339
paper_19303,10340
paper_19304,10341
paper_19305,10342
paper_19306,10343
paper_19307,10344
paper_19308,10345
paper_19309,10346
paper_1931,10347
paper_19310,10348
paper_19311,10349
paper_19312,10350
paper_19313,10351
paper_19314,10352
paper_19315,10353
paper_19316,10354
paper_19317,10355
paper_19318,10356
paper_19319,10357
paper_1932,10358
paper_19320,10359
paper_19321,10360
paper_19322,10361
paper_19323,10362
paper_19324,10363
paper_19325,10364
paper_19326,10365
paper_19327,10366
paper_19328,10367
paper_19329,10368
paper_1933,10369
paper_19330,10370
paper_19331,10371
paper_19332,10372
paper_19333,10373
paper_19334,10374
paper_19335,10375
paper_19336,10376
paper_19337,10377
paper_19338,10378
paper_19339,10379
paper_1934,10380
paper_19340,10381
paper_19341,10382
paper_19342,10383
paper_19343,10384
paper_19344,10385
paper_19345,10386
paper_19346,10387
paper_19347,10388
paper_19348,10389
paper_19349,10390
paper_1935,10391
paper_19350,10392
paper_19351,10393
paper_19352,10394
paper_19353,10395
paper_19354,10396
paper_19355,10397
paper_19356,10398
paper_19357,10399
paper_19358,10400
paper_19359,10401
paper_1936,10402
paper_19360,10403
paper_19361,10404
paper_19362,10405
paper_19363,10406
paper_19364,10407
paper_19365,10408
paper_19366,10409
paper_19367,10410
paper_19368,10411
paper_19369,10412
paper_1937,10413
paper_19370,10414
paper_19371,10415
paper_19372,10416
paper_19373,10417
paper_19374,10418
paper_19375,10419
paper_19376,10420
paper_19377,10421
paper_19378,10422
paper_19379,10423
paper_1938,10424
paper_19380,10425
paper_19381,10426
paper_19382,10427
paper_19383,10428
paper_19384,10429
paper_19385,10430
paper_19386,10431
paper_19387,10432
paper_19388,10433
paper_19389,10434
paper_1939,10435
paper_19390,10436
paper_19391,10437
paper_19392,10438
paper_19393,10439
paper_19394,10440
paper_19395,10441
paper_19396,10442
paper_19397,10443
paper_19398,10444
paper_19399,10445
paper_194,10446
paper_1940,10447
paper_19400,10448
paper_19401,10449
paper_19402,10450
paper_19403,10451
paper_19404,10452
paper_19405,10453
paper_19406,10454
paper_19407,10455
paper_19408,10456
paper_19409,10457
paper_1941,10458
paper_19410,10459
paper_19411,10460
paper_19412,10461
paper_19413,10462
paper_19414,10463
paper_19415,10464
paper_19416,10465
paper_19417,10466
paper_19418,10467
paper_19419,10468
paper_1942,10469
paper_19420,10470
paper_19421,10471
paper_19422,10472
paper_19423,10473
paper_19424,10474
paper_19425,10475
paper_19426,10476
paper_19427,10477
paper_19428,10478
paper_19429,10479
paper_1943,10480
paper_19430,10481
paper_19431,10482
paper_19432,10483
paper_19433,10484
paper_19434,10485
paper_19435,10486
paper_19436,10487
paper_19437,10488
paper_19438,10489
paper_19439,10490
paper_1944,10491
paper_19440,10492
paper_19441,10493
paper_19442,10494
paper_19443,10495
paper_19444,10496
paper_19445,10497
paper_19446,10498
paper_19447,10499
paper_19448,10500
paper_19449,10501
paper_1945,10502
paper_19450,10503
paper_19451,10504
paper_19452,10505
paper_19453,10506
paper_19454,10507
paper_19455,10508
paper_19456,10509
paper_19457,10510
paper_19458,10511
paper_19459,10512
paper_1946,10513
paper_19460,10514
paper_19461,10515
paper_19462,10516
paper_19463,10517
paper_19464,10518
paper_19465,10519
paper_19466,10520
paper_19467,10521
paper_19468,10522
paper_19469,10523
paper_1947,10524
paper_19470,10525
paper_19471,10526
paper_19472,10527
paper_19473,10528
paper_19474,10529
paper_19475,10530
paper_19476,10531
paper_19477,10532
paper_19478,10533
paper_19479,10534
paper_1948,10535
paper_19480,10536
paper_19481,10537
paper_19482,10538
paper_19483,10539
paper_19484,10540
paper_19485,10541
paper_19486,10542
paper_19487,10543
paper_19488,10544
paper_19489,10545
paper_1949,10546
paper_19490,10547
paper_19491,10548
paper_19492,10549
paper_19493,10550
paper_19494,10551
paper_19495,10552
paper_19496,10553
paper_19497,10554
paper_19498,10555
paper_19499,10556
paper_195,10557
paper_1950,10558
paper_19500,10559
paper_19501,10560
paper_19502,10561
paper_19503,10562
paper_19504,10563
paper_19505,10564
paper_19506,10565
paper_19507,10566
paper_19508,10567
paper_19509,10568
paper_1951,10569
paper_19510,10570
paper_19511,10571
paper_19512,10572
paper_19513,10573
paper_19514,10574
paper_19515,10575
paper_19516,10576
paper_19517,10577
paper_19518,10578
paper_19519,10579
paper_1952,10580
paper_19520,10581
paper_19521,10582
paper_19522,10583
paper_19523,10584
paper_19524,10585
paper_19525,10586
paper_19526,10587
paper_19527,10588
paper_19528,10589
paper_19529,10590
paper_1953,10591
paper_19530,10592
paper_19531,10593
paper_19532,10594
paper_19533,10595
paper_19534,10596
paper_19535,10597
paper_19536,10598
paper_19537,10599
paper_19538,10600
paper_19539,10601
paper_1954,10602
paper_19540,10603
paper_19541,10604
paper_19542,10605
paper_19543,10606
paper_19544,10607
paper_19545,10608
paper_19546,10609
paper_19547,10610
paper_19548,10611
paper_19549,10612
paper_1955,10613
paper_19550,10614
paper_19551,10615
paper_19552,10616
paper_19553,10617
paper_19554,10618
paper_19555,10619
paper_19556,10620
paper_19557,10621
paper_19558,10622
paper_19559,10623
paper_1956,10624
paper_19560,10625
paper_19561,10626
paper_19562,10627
paper_19563,10628
paper_19564,10629
paper_19565,10630
paper_19566,10631
paper_19567,10632
paper_19568,10633
paper_19569,10634
paper_1957,10635
paper_19570,10636
paper_19571,10637
paper_19572,10638
paper_19573,10639
paper_19574,10640
paper_19575,10641
paper_19576,10642
paper_19577,10643
paper_19578,10644
paper_19579,10645
paper_1958,10646
paper_19580,10647
paper_19581,10648
paper_19582,10649
paper_19583,10650
paper_19584,10651
paper_19585,10652
paper_19586,10653
paper_19587,10654
paper_19588,10655
paper_19589,10656
paper_1959,10657
paper_19590,10658
paper_19591,10659
paper_19592,10660
paper_19593,10661
paper_19594,10662
paper_19595,10663
paper_19596,10664
paper_19597,10665
paper_19598,10666
paper_19599,10667
paper_196,10668
paper_1960,10669
paper_19600,10670
paper_19601,10671
paper_19602,10672
paper_19603,10673
paper_19604,10674
paper_19605,10675
paper_19606,10676
paper_19607,10677
paper_19608,10678
paper_19609,10679
paper_1961,10680
paper_19610,10681
paper_19611,10682
paper_19612,10683
paper_19613,10684
paper_19614,10685
paper_19615,10686
paper_19616,10687
paper_19617,10688
paper_19618,10689
paper_19619,10690
paper_1962,10691
paper_19620,10692
paper_19621,10693
paper_19622,10694
paper_19623,10695
paper_19624,10696
paper_19625,10697
paper_19626,10698
paper_19627,10699
paper_19628,10700
paper_19629,10701
paper_1963,10702
paper_19630,10703
paper_19631,10704
paper_19632,10705
paper_19633,10706
paper_19634,10707
paper_19635,10708
paper_19636,10709
paper_19637,10710
paper_19638,10711
paper_19639,10712
paper_1964,10713
paper_19640,10714
paper_19641,10715
paper_19642,10716
paper_19643,10717
paper_19644,10718
paper_19645,10719
paper_19646,10720
paper_19647,10721
paper_19648,10722
paper_19649,10723
paper_1965,10724
paper_19650,10725
paper_19651,10726
paper_19652,10727
paper_19653,10728
paper_19654,10729
paper_19655,10730
paper_19656,10731
paper_19657,10732
paper_19658,10733
paper_19659,10734
paper_1966,10735
paper_19660,10736
paper_19661,10737
paper_19662,10738
paper_19663,10739
paper_19664,10740
paper_19665,10741
paper_19666,10742
paper_19667,10743
paper_19668,10744
paper_19669,10745
paper_1967,10746
paper_19670,10747
paper_19671,10748
paper_19672,10749
paper_19673,10750
paper_19674,10751
paper_19675,10752
paper_19676,10753
paper_19677,10754
paper_19678,10755
paper_19679,10756
paper_1968,10757
paper_19680,10758
paper_19681,10759
paper_19682,10760
paper_19683,10761
paper_19684,10762
paper_19685,10763
paper_19686,10764
paper_19687,10765
paper_19688,10766
paper_19689,10767
paper_1969,10768
paper_19690,10769
paper_19691,10770
paper_19692,10771
paper_19693,10772
paper_19694,10773
paper_19695,10774
paper_19696,10775
paper_19697,10776
paper_19698,10777
paper_19699,10778
paper_197,10779
paper_1970,10780
paper_19700,10781
paper_19701,10782
paper_19702,10783
paper_19703,10784
paper_19704,10785
paper_19705,10786
paper_19706,10787
paper_19707,10788
paper_19708,10789
paper_19709,10790
paper_1971,10791
paper_19710,10792
paper_19711,10793
paper_19712,10794
paper_19713,10795
paper_19714,10796
paper_19715,10797
paper_19716,10798
paper_1972,10799
paper_1973,10800
paper_1974,10801
paper_1975,10802
paper_1976,10803
paper_1977,10804
paper_1978,10805
paper_1979,10806
paper_198,10807
paper_1980,10808
paper_1981,10809
paper_1982,10810
paper_1983,10811
paper_1984,10812
paper_1985,10813
paper_1986,10814
paper_1987,10815
paper_1988,10816
paper_1989,10817
paper_199,10818
paper_1990,10819
paper_1991,10820
paper_1992,10821
paper_1993,10822
paper_1994,10823
paper_1995,10824
paper_1996,10825
paper_1997,10826
paper_1998,10827
paper_1999,10828
paper_2,10829
paper_20,10830
paper_200,10831
paper_2000,10832
paper_2001,10833
paper_2002,10834
paper_2003,10835
paper_2004,10836
paper_2005,10837
paper_2006,10838
paper_2007,10839
paper_2008,10840
paper_2009,10841
paper_201,10842
paper_2010,10843
paper_2011,10844
paper_2012,10845
paper_2013,10846
paper_2014,10847
paper_2015,10848
paper_2016,10849
paper_2017,10850
paper_2018,10851
paper_2019,10852
paper_202,10853
paper_2020,10854
paper_2021,10855
paper_2022,10856
paper_2023,10857
paper_2024,10858
paper_2025,10859
paper_2026,10860
paper_2027,10861
paper_2028,10862
paper_2029,10863
paper_203,10864
paper_2030,10865
paper_2031,10866
paper_2032,10867
paper_2033,10868
paper_2034,10869
paper_2035,10870
paper_2036,10871
paper_2037,10872
paper_2038,10873
paper_2039,10874
paper_204,10875
paper_2040,10876
paper_2041,10877
paper_2042,10878
paper_2043,10879
paper_2044,10880
paper_2045,10881
paper_2046,10882
paper_2047,10883
paper_2048,10884
paper_2049,10885
paper_205,10886
paper_2050,10887
paper_2051,10888
paper_2052,10889
paper_2053,10890
paper_2054,10891
paper_2055,10892
paper_2056,10893
paper_2057,10894
paper_2058,10895
paper_2059,10896
paper_206,10897
paper_2060,10898
paper_2061,10899
paper_2062,10900
paper_2063,10901
paper_2064,10902
paper_2065,10903
paper_2066,10904
paper_2067,10905
paper_2068,10906
paper_2069,10907
paper_207,10908
paper_2070,10909
paper_2071,10910
paper_2072,10911
paper_2073,10912
paper_2074,10913
paper_2075,10914
paper_2076,10915
paper_2077,10916
paper_2078,10917
paper_2079,10918
paper_208,10919
paper_2080,10920
paper_2081,10921
paper_2082,10922
paper_2083,10923
paper_2084,10924
paper_2085,10925
paper_2086,10926
paper_2087,10927
paper_2088,10928
paper_2089,10929
paper_209,10930
paper_2090,10931
paper_2091,10932
paper_2092,10933
paper_2093,10934
paper_2094,10935
paper_2095,10936
paper_2096,10937
paper_2097,10938
paper_2098,10939
paper_2099,10940
paper_21,10941
paper_210,10942
paper_2100,10943
paper_2101,10944
paper_2102,10945
paper_2103,10946
paper_2104,10947
paper_2105,10948
paper_2106,10949
paper_2107,10950
paper_2108,10951
paper_2109,10952
paper_211,10953
paper_2110,10954
paper_2111,10955
paper_2112,10956
paper_2113,10957
paper_2114,10958
paper_2115,10959
paper_2116,10960
paper_2117,10961
paper_2118,10962
paper_2119,10963
paper_212,10964
paper_2120,10965
paper_2121,10966
paper_2122,10967
paper_2123,10968
paper_2124,10969
paper_2125,10970
paper_2126,10971
paper_2127,10972
paper_2128,10973
paper_2129,10974
paper_213,10975
paper_2130,10976
paper_2131,10977
paper_2132,10978
paper_2133,10979
paper_2134,10980
paper_2135,10981
paper_2136,10982
paper_2137,10983
paper_2138,10984
paper_2139,10985
paper_214,10986
paper_2140,10987
paper_2141,10988
paper_2142,10989
paper_2143,10990
paper_2144,10991
paper_2145,10992
paper_2146,10993
paper_2147,10994
paper_2148,10995
paper_2149,10996
paper_215,10997
paper_2150,10998
paper_2151,10999
paper_2152,11000
paper_2153,11001
paper_2154,11002
paper_2155,11003
paper_2156,11004
paper_2157,11005
paper_2158,11006
paper_2159,11007
paper_216,11008
paper_2160,11009
paper_2161,11010
paper_2162,11011
paper_2163,11012
paper_2164,11013
paper_2165,11014
paper_2166,11015
paper_2167,11016
paper_2168,11017
paper_2169,11018
paper_217,11019
paper_2170,11020
paper_2171,11021
paper_2172,11022
paper_2173,11023
paper_2174,11024
paper_2175,11025
paper_2176,11026
paper_2177,11027
paper_2178,11028
paper_2179,11029
paper_218,11030
paper_2180,11031
paper_2181,11032
paper_2182,11033
paper_2183,11034
paper_2184,11035
paper_2185,11036
paper_2186,11037
paper_2187,11038
paper_2188,11039
paper_2189,11040
paper_219,11041
paper_2190,11042
paper_2191,11043
paper_2192,11044
paper_2193,11045
paper_2194,11046
paper_2195,11047
paper_2196,11048
paper_2197,11049
paper_2198,11050
paper_2199,11051
paper_22,11052
paper_220,11053
paper_2200,11054
paper_2201,11055
paper_2202,11056
paper_2203,11057
paper_2204,11058
paper_2205,11059
paper_2206,11060
paper_2207,11061
paper_2208,11062
paper_2209,11063
paper_221,11064
paper_2210,11065
paper_2211,11066
paper_2212,11067
paper_2213,11068
paper_2214,11069
paper_2215,11070
paper_2216,11071
paper_2217,11072
paper_2218,11073
paper_2219,11074
paper_222,11075
paper_2220,11076
paper_2221,11077
paper_2222,11078
paper_2223,11079
paper_2224,11080
paper_2225,11081
paper_2226,11082
paper_2227,11083
paper_2228,11084
paper_2229,11085
paper_223,11086
paper_2230,11087
paper_2231,11088
paper_2232,11089
paper_2233,11090
paper_2234,11091
paper_2235,11092
paper_2236,11093
paper_2237,11094
paper_2238,11095
paper_2239,11096
paper_224,11097
paper_2240,11098
paper_2241,11099
paper_2242,11100
paper_2243,11101
paper_2244,11102
paper_2245,11103
paper_2246,11104
paper_2247,11105
paper_2248,11106
paper_2249,11107
paper_225,11108
paper_2250,11109
paper_2251,11110
paper_2252,11111
paper_2253,11112
paper_2254,11113
paper_2255,11114
paper_2256,11115
paper_2257,11116
paper_2258,11117
paper_2259,11118
paper_226,11119
paper_2260,11120
paper_2261,11121
paper_2262,11122
paper_2263,11123
paper_2264,11124
paper_2265,11125
paper_2266,11126
paper_2267,11127
paper_2268,11128
paper_2269,11129
paper_227,11130
paper_2270,11131
paper_2271,11132
paper_2272,11133
paper_2273,11134
paper_2274,11135
paper_2275,11136
paper_2276,11137
paper_2277,11138
paper_2278,11139
paper_2279,11140
paper_228,11141
paper_2280,11142
paper_2281,11143
paper_2282,11144
paper_2283,11145
paper_2284,11146
paper_2285,11147
paper_2286,11148
paper_2287,11149
paper_2288,11150
paper_2289,11151
paper_229,11152
paper_2290,11153
paper_2291,11154
paper_2292,11155
paper_2293,11156
paper_2294,11157
paper_2295,11158
paper_2296,11159
paper_2297,11160
paper_2298,11161
paper_2299,11162
paper_23,11163
paper_230,11164
paper_2300,11165
paper_2301,11166
paper_2302,11167
paper_2303,11168
paper_2304,11169
paper_2305,11170
paper_2306,11171
paper_2307,11172
paper_2308,11173
paper_2309,11174
paper_231,11175
paper_2310,11176
paper_2311,11177
paper_2312,11178
paper_2313,11179
paper_2314,11180
paper_2315,11181
paper_2316,11182
paper_2317,11183
paper_2318,11184
paper_2319,11185
paper_232,11186
paper_2320,11187
paper_2321,11188
paper_2322,11189
paper_2323,11190
paper_2324,11191
paper_2325,11192
paper_2326,11193
paper_2327,11194
paper_2328,11195
paper_2329,11196
paper_233,11197
paper_2330,11198
paper_2331,11199
paper_2332,11200
paper_2333,11201
paper_2334,11202
paper_2335,11203
paper_2336,11204
paper_2337,11205
paper_2338,11206
paper_2339,11207
paper_234,11208
paper_2340,11209
paper_2341,11210
paper_2342,11211
paper_2343,11212
paper_2344,11213
paper_2345,11214
paper_2346,11215
paper_2347,11216
paper_2348,11217
paper_2349,11218
paper_235,11219
paper_2350,11220
paper_2351,11221
paper_2352,11222
paper_2353,11223
paper_2354,11224
paper_2355,11225
paper_2356,11226
paper_2357,11227
paper_2358,11228
paper_2359,11229
paper_236,11230
paper_2360,11231
paper_2361,11232
paper_2362,11233
paper_2363,11234
paper_2364,11235
paper_2365,11236
paper_2366,11237
paper_2367,11238
paper_2368,11239
paper_2369,11240
paper_237,11241
paper_2370,11242
paper_2371,11243
paper_2372,11244
paper_2373,11245
paper_2374,11246
paper_2375,11247
paper_2376,11248
paper_2377,11249
paper_2378,11250
paper_2379,11251
paper_238,11252
paper_2380,11253
paper_2381,11254
paper_2382,11255
paper_2383,11256
paper_2384,11257
paper_2385,11258
paper_2386,11259
paper_2387,11260
paper_2388,11261
paper_2389,11262
paper_239,11263
paper_2390,11264
paper_2391,11265
paper_2392,11266
paper_2393,11267
paper_2394,11268
paper_2395,11269
paper_2396,11270
paper_2397,11271
paper_2398,11272
paper_2399,11273
paper_24,11274
paper_240,11275
paper_2400,11276
paper_2401,11277
paper_2402,11278
paper_2403,11279
paper_2404,11280
paper_2405,11281
paper_2406,11282
paper_2407,11283
paper_2408,11284
paper_2409,11285
paper_241,11286
paper_2410,11287
paper_2411,11288
paper_2412,11289
paper_2413,11290
paper_2414,11291
paper_2415,11292
paper_2416,11293
paper_2417,11294
paper_2418,11295
paper_2419,11296
paper_242,11297
paper_2420,11298
paper_2421,11299
paper_2422,11300
paper_2423,11301
paper_2424,11302
paper_2425,11303
paper_2426,11304
paper_2427,11305
paper_2428,11306
paper_2429,11307
paper_243,11308
paper_2430,11309
paper_2431,11310
paper_2432,11311
paper_2433,11312
paper_2434,11313
paper_2435,11314
paper_2436,11315
paper_2437,11316
paper_2438,11317
paper_2439,11318
paper_244,11319
paper_2440,11320
paper_2441,11321
paper_2442,11322
paper_2443,11323
paper_2444,11324
paper_2445,11325
paper_2446,11326
paper_2447,11327
paper_2448,11328
paper_2449,11329
paper_245,11330
paper_2450,11331
paper_2451,11332
paper_2452,11333
paper_2453,11334
paper_2454,11335
paper_2455,11336
paper_2456,11337
paper_2457,11338
paper_2458,11339
paper_2459,11340
paper_246,11341
paper_2460,11342
paper_2461,11343
paper_2462,11344
paper_2463,11345
paper_2464,11346
paper_2465,11347
paper_2466,11348
paper_2467,11349
paper_2468,11350
paper_2469,11351
paper_247,11352
paper_2470,11353
paper_2471,11354
paper_2472,11355
paper_2473,11356
paper_2474,11357
paper_2475,11358
paper_2476,11359
paper_2477,11360
paper_2478,11361
paper_2479,11362
paper_248,11363
paper_2480,11364
paper_2481,11365
paper_2482,11366
paper_2483,11367
paper_2484,11368
paper_2485,11369
paper_2486,11370
paper_2487,11371
paper_2488,11372
paper_2489,11373
paper_249,11374
paper_2490,11375
paper_2491,11376
paper_2492,11377
paper_2493,11378
paper_2494,11379
paper_2495,11380
paper_2496,11381
paper_2497,11382
paper_2498,11383
paper_2499,11384
paper_25,11385
paper_250,11386
paper_2500,11387
paper_2501,11388
paper_2502,11389
paper_2503,11390
paper_2504,11391
paper_2505,11392
paper_2506,11393
paper_2507,11394
paper_2508,11395
paper_2509,11396
paper_251,11397
paper_2510,11398
paper_2511,11399
paper_2512,11400
paper_2513,11401
paper_2514,11402
paper_2515,11403
paper_2516,11404
paper_2517,11405
paper_2518,11406
paper_2519,11407
paper_252,11408
paper_2520,11409
paper_2521,11410
paper_2522,11411
paper_2523,11412
paper_2524,11413
paper_2525,11414
paper_2526,11415
paper_2527,11416
paper_2528,11417
paper_2529,11418
paper_253,11419
paper_2530,11420
paper_2531,11421
paper_2532,11422
paper_2533,11423
paper_2534,11424
paper_2535,11425
paper_2536,11426
paper_2537,11427
paper_2538,11428
paper_2539,11429
paper_254,11430
paper_2540,11431
paper_2541,11432
paper_2542,11433
paper_2543,11434
paper_2544,11435
paper_2545,11436
paper_2546,11437
paper_2547,11438
paper_2548,11439
paper_2549,11440
paper_255,11441
paper_2550,11442
paper_2551,11443
paper_2552,11444
paper_2553,11445
paper_2554,11446
paper_2555,11447
paper_2556,11448
paper_2557,11449
paper_2558,11450
paper_2559,11451
paper_256,11452
paper_2560,11453
paper_2561,11454
paper_2562,11455
paper_2563,11456
paper_2564,11457
paper_2565,11458
paper_2566,11459
paper_2567,11460
paper_2568,11461
paper_2569,11462
paper_257,11463
paper_2570,11464
paper_2571,11465
paper_2572,11466
paper_2573,11467
paper_2574,11468
paper_2575,11469
paper_2576,11470
paper_2577,11471
paper_2578,11472
paper_2579,11473
paper_258,11474
paper_2580,11475
paper_2581,11476
paper_2582,11477
paper_2583,11478
paper_2584,11479
paper_2585,11480
paper_2586,11481
paper_2587,11482
paper_2588,11483
paper_2589,11484
paper_259,11485
paper_2590,11486
paper_2591,11487
paper_2592,11488
paper_2593,11489
paper_2594,11490
paper_2595,11491
paper_2596,11492
paper_2597,11493
paper_2598,11494
paper_2599,11495
paper_26,11496
paper_260,11497
paper_2600,11498
paper_2601,11499
paper_2602,11500
paper_2603,11501
paper_2604,11502
paper_2605,11503
paper_2606,11504
paper_2607,11505
paper_2608,11506
paper_2609,11507
paper_261,11508
paper_2610,11509
paper_2611,11510
paper_2612,11511
paper_2613,11512
paper_2614,11513
paper_2615,11514
paper_2616,11515
paper_2617,11516
paper_2618,11517
paper_2619,11518
paper_262,11519
paper_2620,11520
paper_2621,11521
paper_2622,11522
paper_2623,11523
paper_2624,11524
paper_2625,11525
paper_2626,11526
paper_2627,11527
paper_2628,11528
paper_2629,11529
paper_263,11530
paper_2630,11531
paper_2631,11532
paper_2632,11533
paper_2633,11534
paper_2634,11535
paper_2635,11536
paper_2636,11537
paper_2637,11538
paper_2638,11539
paper_2639,11540
paper_264,11541
paper_2640,11542
paper_2641,11543
paper_2642,11544
paper_2643,11545
paper_2644,11546
paper_2645,11547
paper_2646,11548
paper_2647,11549
paper_2648,11550
paper_2649,11551
paper_265,11552
paper_2650,11553
paper_2651,11554
paper_2652,11555
paper_2653,11556
paper_2654,11557
paper_2655,11558
paper_2656,11559
paper_2657,11560
paper_2658,11561
paper_2659,11562
paper_266,11563
paper_2660,11564
paper_2661,11565
paper_2662,11566
paper_2663,11567
paper_2664,11568
paper_2665,11569
paper_2666,11570
paper_2667,11571
paper_2668,11572
paper_2669,11573
paper_267,11574
paper_2670,11575
paper_2671,11576
paper_2672,11577
paper_2673,11578
paper_2674,11579
paper_2675,11580
paper_2676,11581
paper_2677,11582
paper_2678,11583
paper_2679,11584
paper_268,11585
paper_2680,11586
paper_2681,11587
paper_2682,11588
paper_2683,11589
paper_2684,11590
paper_2685,11591
paper_2686,11592
paper_2687,11593
paper_2688,11594
paper_2689,11595
paper_269,11596
paper_2690,11597
paper_2691,11598
paper_2692,11599
paper_2693,11600
paper_2694,11601
paper_2695,11602
paper_2696,11603
paper_2697,11604
paper_2698,11605
paper_2699,11606
paper_27,11607
paper_270,11608
paper_2700,11609
paper_2701,11610
paper_2702,11611
paper_2703,11612
paper_2704,11613
paper_2705,11614
paper_2706,11615
paper_2707,11616
paper_2708,11617
paper_2709,11618
paper_271,11619
paper_2710,11620
paper_2711,11621
paper_2712,11622
paper_2713,11623
paper_2714,11624
paper_2715,11625
paper_2716,11626
paper_2717,11627
paper_2718,11628
paper_2719,11629
paper_272,11630
paper_2720,11631
paper_2721,11632
paper_2722,11633
paper_2723,11634
paper_2724,11635
paper_2725,11636
paper_2726,11637
paper_2727,11638
paper_2728,11639
paper_2729,11640
paper_273,11641
paper_2730,11642
paper_2731,11643
paper_2732,11644
paper_2733,11645
paper_2734,11646
paper_2735,11647
paper_2736,11648
paper_2737,11649
paper_2738,11650
paper_2739,11651
paper_274,11652
paper_2740,11653
paper_2741,11654
paper_2742,11655
paper_2743,11656
paper_2744,11657
paper_2745,11658
paper_2746,11659
paper_2747,11660
paper_2748,11661
paper_2749,11662
paper_275,11663
paper_2750,11664
paper_2751,11665
paper_2752,11666
paper_2753,11667
paper_2754,11668
paper_2755,11669
paper_2756,11670
paper_2757,11671
paper_2758,11672
paper_2759,11673
paper_276,11674
paper_2760,11675
paper_2761,11676
paper_2762,11677
paper_2763,11678
paper_2764,11679
paper_2765,11680
paper_2766,11681
paper_2767,11682
paper_2768,11683
paper_2769,11684
paper_277,11685
paper_2770,11686
paper_2771,11687
paper_2772,11688
paper_2773,11689
paper_2774,11690
paper_2775,11691
paper_2776,11692
paper_2777,11693
paper_2778,11694
paper_2779,11695
paper_278,11696
paper_2780,11697
paper_2781,11698
paper_2782,11699
paper_2783,11700
paper_2784,11701
paper_2785,11702
paper_2786,11703
paper_2787,11704
paper_2788,11705
paper_2789,11706
paper_279,11707
paper_2790,11708
paper_2791,11709
paper_2792,11710
paper_2793,11711
paper_2794,11712
paper_2795,11713
paper_2796,11714
paper_2797,11715
paper_2798,11716
paper_2799,11717
paper_28,11718
paper_280,11719
paper_2800,11720
paper_2801,11721
paper_2802,11722
paper_2803,11723
paper_2804,11724
paper_2805,11725
paper_2806,11726
paper_2807,11727
paper_2808,11728
paper_2809,11729
paper_281,11730
paper_2810,11731
paper_2811,11732
paper_2812,11733
paper_2813,11734
paper_2814,11735
paper_2815,11736
paper_2816,11737
paper_2817,11738
paper_2818,11739
paper_2819,11740
paper_282,11741
paper_2820,11742
paper_2821,11743
paper_2822,11744
paper_2823,11745
paper_2824,11746
paper_2825,11747
paper_2826,11748
paper_2827,11749
paper_2828,11750
paper_2829,11751
paper_283,11752
paper_2830,11753
paper_2831,11754
paper_2832,11755
paper_2833,11756
paper_2834,11757
paper_2835,11758
paper_2836,11759
paper_2837,11760
paper_2838,11761
paper_2839,11762
paper_284,11763
paper_2840,11764
paper_2841,11765
paper_2842,11766
paper_2843,11767
paper_2844,11768
paper_2845,11769
paper_2846,11770
paper_2847,11771
paper_2848,11772
paper_2849,11773
paper_285,11774
paper_2850,11775
paper_2851,11776
paper_2852,11777
paper_2853,11778
paper_2854,11779
paper_2855,11780
paper_2856,11781
paper_2857,11782
paper_2858,11783
paper_2859,11784
paper_286,11785
paper_2860,11786
paper_2861,11787
paper_2862,11788
paper_2863,11789
paper_2864,11790
paper_2865,11791
paper_2866,11792
paper_2867,11793
paper_2868,11794
paper_2869,11795
paper_287,11796
paper_2870,11797
paper_2871,11798
paper_2872,11799
paper_2873,11800
paper_2874,11801
paper_2875,11802
paper_2876,11803
paper_2877,11804
paper_2878,11805
paper_2879,11806
paper_288,11807
paper_2880,11808
paper_2881,11809
paper_2882,11810
paper_2883,11811
paper_2884,11812
paper_2885,11813
paper_2886,11814
paper_2887,11815
paper_2888,11816
paper_2889,11817
paper_289,11818
paper_2890,11819
paper_2891,11820
paper_2892,11821
paper_2893,11822
paper_2894,11823
paper_2895,11824
paper_2896,11825
paper_2897,11826
paper_2898,11827
paper_2899,11828
paper_29,11829
paper_290,11830
paper_2900,11831
paper_2901,11832
paper_2902,11833
paper_2903,11834
paper_2904,11835
paper_2905,11836
paper_2906,11837
paper_2907,11838
paper_2908,11839
paper_2909,11840
paper_291,11841
paper_2910,11842
paper_2911,11843
paper_2912,11844
paper_2913,11845
paper_2914,11846
paper_2915,11847
paper_2916,11848
paper_2917,11849
paper_2918,11850
paper_2919,11851
paper_292,11852
paper_2920,11853
paper_2921,11854
paper_2922,11855
paper_2923,11856
paper_2924,11857
paper_2925,11858
paper_2926,11859
paper_2927,11860
paper_2928,11861
paper_2929,11862
paper_293,11863
paper_2930,11864
paper_2931,11865
paper_2932,11866
paper_2933,11867
paper_2934,11868
paper_2935,11869
paper_2936,11870
paper_2937,11871
paper_2938,11872
paper_2939,11873
paper_294,11874
paper_2940,11875
paper_2941,11876
paper_2942,11877
paper_2943,11878
paper_2944,11879
paper_2945,11880
paper_2946,11881
paper_2947,11882
paper_2948,11883
paper_2949,11884
paper_295,11885
paper_2950,11886
paper_2951,11887
paper_2952,11888
paper_2953,11889
paper_2954,11890
paper_2955,11891
paper_2956,11892
paper_2957,11893
paper_2958,11894
paper_2959,11895
paper_296,11896
paper_2960,11897
paper_2961,11898
paper_2962,11899
paper_2963,11900
paper_2964,11901
paper_2965,11902
paper_2966,11903
paper_2967,11904
paper_2968,11905
paper_2969,11906
paper_297,11907
paper_2970,11908
paper_2971,11909
paper_2972,11910
paper_2973,11911
paper_2974,11912
paper_2975,11913
paper_2976,11914
paper_2977,11915
paper_2978,11916
paper_2979,11917
paper_298,11918
paper_2980,11919
paper_2981,11920
paper_2982,11921
paper_2983,11922
paper_2984,11923
paper_2985,11924
paper_2986,11925
paper_2987,11926
paper_2988,11927
paper_2989,11928
paper_299,11929
paper_2990,11930
paper_2991,11931
paper_2992,11932
paper_2993,11933
paper_2994,11934
paper_2995,11935
paper_2996,11936
paper_2997,11937
paper_2998,11938
paper_2999,11939
paper_3,11940
paper_30,11941
paper_300,11942
paper_3000,11943
paper_3001,11944
paper_3002,11945
paper_3003,11946
paper_3004,11947
paper_3005,11948
paper_3006,11949
paper_3007,11950
paper_3008,11951
paper_3009,11952
paper_301,11953
paper_3010,11954
paper_3011,11955
paper_3012,11956
paper_3013,11957
paper_3014,11958
paper_3015,11959
paper_3016,11960
paper_3017,11961
paper_3018,11962
paper_3019,11963
paper_302,11964
paper_3020,11965
paper_3021,11966
paper_3022,11967
paper_3023,11968
paper_3024,11969
paper_3025,11970
paper_3026,11971
paper_3027,11972
paper_3028,11973
paper_3029,11974
paper_303,11975
paper_3030,11976
paper_3031,11977
paper_3032,11978
paper_3033,11979
paper_3034,11980
paper_3035,11981
paper_3036,11982
paper_3037,11983
paper_3038,11984
paper_3039,11985
paper_304,11986
paper_3040,11987
paper_3041,11988
paper_3042,11989
paper_3043,11990
paper_3044,11991
paper_3045,11992
paper_3046,11993
paper_3047,11994
paper_3048,11995
paper_3049,11996
paper_305,11997
paper_3050,11998
paper_3051,11999
paper_3052,12000
paper_3053,12001
paper_3054,12002
paper_3055,12003
paper_3056,12004
paper_3057,12005
paper_3058,12006
paper_3059,12007
paper_306,12008
paper_3060,12009
paper_3061,12010
paper_3062,12011
paper_3063,12012
paper_3064,12013
paper_3065,12014
paper_3066,12015
paper_3067,12016
paper_3068,12017
paper_3069,12018
paper_307,12019
paper_3070,12020
paper_3071,12021
paper_3072,12022
paper_3073,12023
paper_3074,12024
paper_3075,12025
paper_3076,12026
paper_3077,12027
paper_3078,12028
paper_3079,12029
paper_308,12030
paper_3080,12031
paper_3081,12032
paper_3082,12033
paper_3083,12034
paper_3084,12035
paper_3085,12036
paper_3086,12037
paper_3087,12038
paper_3088,12039
paper_3089,12040
paper_309,12041
paper_3090,12042
paper_3091,12043
paper_3092,12044
paper_3093,12045
paper_3094,12046
paper_3095,12047
paper_3096,12048
paper_3097,12049
paper_3098,12050
paper_3099,12051
paper_31,12052
paper_310,12053
paper_3100,12054
paper_3101,12055
paper_3102,12056
paper_3103,12057
paper_3104,12058
paper_3105,12059
paper_3106,12060
paper_3107,12061
paper_3108,12062
paper_3109,12063
paper_311,12064
paper_3110,12065
paper_3111,12066
paper_3112,12067
paper_3113,12068
paper_3114,12069
paper_3115,12070
paper_3116,12071
paper_3117,12072
paper_3118,12073
paper_3119,12074
paper_312,12075
paper_3120,12076
paper_3121,12077
paper_3122,12078
paper_3123,12079
paper_3124,12080
paper_3125,12081
paper_3126,12082
paper_3127,12083
paper_3128,12084
paper_3129,12085
paper_313,12086
paper_3130,12087
paper_3131,12088
paper_3132,12089
paper_3133,12090
paper_3134,12091
paper_3135,12092
paper_3136,12093
paper_3137,12094
paper_3138,12095
paper_3139,12096
paper_314,12097
paper_3140,12098
paper_3141,12099
paper_3142,12100
paper_3143,12101
paper_3144,12102
paper_3145,12103
paper_3146,12104
paper_3147,12105
paper_3148,12106
paper_3149,12107
paper_315,12108
paper_3150,12109
paper_3151,12110
paper_3152,12111
paper_3153,12112
paper_3154,12113
paper_3155,12114
paper_3156,12115
paper_3157,12116
paper_3158,12117
paper_3159,12118
paper_316,12119
paper_3160,12120
paper_3161,12121
paper_3162,12122
paper_3163,12123
paper_3164,12124
paper_3165,12125
paper_3166,12126
paper_3167,12127
paper_3168,12128
paper_3169,12129
paper_317,12130
paper_3170,12131
paper_3171,12132
paper_3172,12133
paper_3173,12134
paper_3174,12135
paper_3175,12136
paper_3176,12137
paper_3177,12138
paper_3178,12139
paper_3179,12140
paper_318,12141
paper_3180,12142
paper_3181,12143
paper_3182,12144
paper_3183,12145
paper_3184,12146
paper_3185,12147
paper_3186,12148
paper_3187,12149
paper_3188,12150
paper_3189,12151
paper_319,12152
paper_3190,12153
paper_3191,12154
paper_3192,12155
paper_3193,12156
paper_3194,12157
paper_3195,12158
paper_3196,12159
paper_3197,12160
paper_3198,12161
paper_3199,12162
paper_32,12163
paper_320,12164
paper_3200,12165
paper_3201,12166
paper_3202,12167
paper_3203,12168
paper_3204,12169
paper_3205,12170
paper_3206,12171
paper_3207,12172
paper_3208,12173
paper_3209,12174
paper_321,12175
paper_3210,12176
paper_3211,12177
paper_3212,12178
paper_3213,12179
paper_3214,12180
paper_3215,12181
paper_3216,12182
paper_3217,12183
paper_3218,12184
paper_3219,12185
paper_322,12186
paper_3220,12187
paper_3221,12188
paper_3222,12189
paper_3223,12190
paper_3224,12191
paper_3225,12192
paper_3226,12193
paper_3227,12194
paper_3228,12195
paper_3229,12196
paper_323,12197
paper_3230,12198
paper_3231,12199
paper_3232,12200
paper_3233,12201
paper_3234,12202
paper_3235,12203
paper_3236,12204
paper_3237,12205
paper_3238,12206
paper_3239,12207
paper_324,12208
paper_3240,12209
paper_3241,12210
paper_3242,12211
paper_3243,12212
paper_3244,12213
paper_3245,12214
paper_3246,12215
paper_3247,12216
paper_3248,12217
paper_3249,12218
paper_325,12219
paper_3250,12220
paper_3251,12221
paper_3252,12222
paper_3253,12223
paper_3254,12224
paper_3255,12225
paper_3256,12226
paper_3257,12227
paper_3258,12228
paper_3259,12229
paper_326,12230
paper_3260,12231
paper_3261,12232
paper_3262,12233
paper_3263,12234
paper_3264,12235
paper_3265,12236
paper_3266,12237
paper_3267,12238
paper_3268,12239
paper_3269,12240
paper_327,12241
paper_3270,12242
paper_3271,12243
paper_3272,12244
paper_3273,12245
paper_3274,12246
paper_3275,12247
paper_3276,12248
paper_3277,12249
paper_3278,12250
paper_3279,12251
paper_328,12252
paper_3280,12253
paper_3281,12254
paper_3282,12255
paper_3283,12256
paper_3284,12257
paper_3285,12258
paper_3286,12259
paper_3287,12260
paper_3288,12261
paper_3289,12262
paper_329,12263
paper_3290,12264
paper_3291,12265
paper_3292,12266
paper_3293,12267
paper_3294,12268
paper_3295,12269
paper_3296,12270
paper_3297,12271
paper_3298,12272
paper_3299,12273
paper_33,12274
paper_330,12275
paper_3300,12276
paper_3301,12277
paper_3302,12278
paper_3303,12279
paper_3304,12280
paper_3305,12281
paper_3306,12282
paper_3307,12283
paper_3308,12284
paper_3309,12285
paper_331,12286
paper_3310,12287
paper_3311,12288
paper_3312,12289
paper_3313,12290
paper_3314,12291
paper_3315,12292
paper_3316,12293
paper_3317,12294
paper_3318,12295
paper_3319,12296
paper_332,12297
paper_3320,12298
paper_3321,12299
paper_3322,12300
paper_3323,12301
paper_3324,12302
paper_3325,12303
paper_3326,12304
paper_3327,12305
paper_3328,12306
paper_3329,12307
paper_333,12308
paper_3330,12309
paper_3331,12310
paper_3332,12311
paper_3333,12312
paper_3334,12313
paper_3335,12314
paper_3336,12315
paper_3337,12316
paper_3338,12317
paper_3339,12318
paper_334,12319
paper_3340,12320
paper_3341,12321
paper_3342,12322
paper_3343,12323
paper_3344,12324
paper_3345,12325
paper_3346,12326
paper_3347,12327
paper_3348,12328
paper_3349,12329
paper_335,12330
paper_3350,12331
paper_3351,12332
paper_3352,12333
paper_3353,12334
paper_3354,12335
paper_3355,12336
paper_3356,12337
paper_3357,12338
paper_3358,12339
paper_3359,12340
paper_336,12341
paper_3360,12342
paper_3361,12343
paper_3362,12344
paper_3363,12345
paper_3364,12346
paper_3365,12347
paper_3366,12348
paper_3367,12349
paper_3368,12350
paper_3369,12351
paper_337,12352
paper_3370,12353
paper_3371,12354
paper_3372,12355
paper_3373,12356
paper_3374,12357
paper_3375,12358
paper_3376,12359
paper_3377,12360
paper_3378,12361
paper_3379,12362
paper_338,12363
paper_3380,12364
paper_3381,12365
paper_3382,12366
paper_3383,12367
paper_3384,12368
paper_3385,12369
paper_3386,12370
paper_3387,12371
paper_3388,12372
paper_3389,12373
paper_339,12374
paper_3390,12375
paper_3391,12376
paper_3392,12377
paper_3393,12378
paper_3394,12379
paper_3395,12380
paper_3396,12381
paper_3397,12382
paper_3398,12383
paper_3399,12384
paper_34,12385
paper_340,12386
paper_3400,12387
paper_3401,12388
paper_3402,12389
paper_3403,12390
paper_3404,12391
paper_3405,12392
paper_3406,12393
paper_3407,12394
paper_3408,12395
paper_3409,12396
paper_341,12397
paper_3410,12398
paper_3411,12399
paper_3412,12400
paper_3413,12401
paper_3414,12402
paper_3415,12403
paper_3416,12404
paper_3417,12405
paper_3418,12406
paper_3419,12407
paper_342,12408
paper_3420,12409
paper_3421,12410
paper_3422,12411
paper_3423,12412
paper_3424,12413
paper_3425,12414
paper_3426,12415
paper_3427,12416
paper_3428,12417
paper_3429,12418
paper_343,12419
paper_3430,12420
paper_3431,12421
paper_3432,12422
paper_3433,12423
paper_3434,12424
paper_3435,12425
paper_3436,12426
paper_3437,12427
paper_3438,12428
paper_3439,12429
paper_344,12430
paper_3440,12431
paper_3441,12432
paper_3442,12433
paper_3443,12434
paper_3444,12435
paper_3445,12436
paper_3446,12437
paper_3447,12438
paper_3448,12439
paper_3449,12440
paper_345,12441
paper_3450,12442
paper_3451,12443
paper_3452,12444
paper_3453,12445
paper_3454,12446
paper_3455,12447
paper_3456,12448
paper_3457,12449
paper_3458,12450
paper_3459,12451
paper_346,12452
paper_3460,12453
paper_3461,12454
paper_3462,12455
paper_3463,12456
paper_3464,12457
paper_3465,12458
paper_3466,12459
paper_3467,12460
paper_3468,12461
paper_3469,12462
paper_347,12463
paper_3470,12464
paper_3471,12465
paper_3472,12466
paper_3473,12467
paper_3474,12468
paper_3475,12469
paper_3476,12470
paper_3477,12471
paper_3478,12472
paper_3479,12473
paper_348,12474
paper_3480,12475
paper_3481,12476
paper_3482,12477
paper_3483,12478
paper_3484,12479
paper_3485,12480
paper_3486,12481
paper_3487,12482
paper_3488,12483
paper_3489,12484
paper_349,12485
paper_3490,12486
paper_3491,12487
paper_3492,12488
paper_3493,12489
paper_3494,12490
paper_3495,12491
paper_3496,12492
paper_3497,12493
paper_3498,12494
paper_3499,12495
paper_35,12496
paper_350,12497
paper_3500,12498
paper_3501,12499
paper_3502,12500
paper_3503,12501
paper_3504,12502
paper_3505,12503
paper_3506,12504
paper_3507,12505
paper_3508,12506
paper_3509,12507
paper_351,12508
paper_3510,12509
paper_3511,12510
paper_3512,12511
paper_3513,12512
paper_3514,12513
paper_3515,12514
paper_3516,12515
paper_3517,12516
paper_3518,12517
paper_3519,12518
paper_352,12519
paper_3520,12520
paper_3521,12521
paper_3522,12522
paper_3523,12523
paper_3524,12524
paper_3525,12525
paper_3526,12526
paper_3527,12527
paper_3528,12528
paper_3529,12529
paper_353,12530
paper_3530,12531
paper_3531,12532
paper_3532,12533
paper_3533,12534
paper_3534,12535
paper_3535,12536
paper_3536,12537
paper_3537,12538
paper_3538,12539
paper_3539,12540
paper_354,12541
paper_3540,12542
paper_3541,12543
paper_3542,12544
paper_3543,12545
paper_3544,12546
paper_3545,12547
paper_3546,12548
paper_3547,12549
paper_3548,12550
paper_3549,12551
paper_355,12552
paper_3550,12553
paper_3551,12554
paper_3552,12555
paper_3553,12556
paper_3554,12557
paper_3555,12558
paper_3556,12559
paper_3557,12560
paper_3558,12561
paper_3559,12562
paper_356,12563
paper_3560,12564
paper_3561,12565
paper_3562,12566
paper_3563,12567
paper_3564,12568
paper_3565,12569
paper_3566,12570
paper_3567,12571
paper_3568,12572
paper_3569,12573
paper_357,12574
paper_3570,12575
paper_3571,12576
paper_3572,12577
paper_3573,12578
paper_3574,12579
paper_3575,12580
paper_3576,12581
paper_3577,12582
paper_3578,12583
paper_3579,12584
paper_358,12585
paper_3580,12586
paper_3581,12587
paper_3582,12588
paper_3583,12589
paper_3584,12590
paper_3585,12591
paper_3586,12592
paper_3587,12593
paper_3588,12594
paper_3589,12595
paper_359,12596
paper_3590,12597
paper_3591,12598
paper_3592,12599
paper_3593,12600
paper_3594,12601
paper_3595,12602
paper_3596,12603
paper_3597,12604
paper_3598,12605
paper_3599,12606
paper_36,12607
paper_360,12608
paper_3600,12609
paper_3601,12610
paper_3602,12611
paper_3603,12612
paper_3604,12613
paper_3605,12614
paper_3606,12615
paper_3607,12616
paper_3608,12617
paper_3609,12618
paper_361,12619
paper_3610,12620
paper_3611,12621
paper_3612,12622
paper_3613,12623
paper_3614,12624
paper_3615,12625
paper_3616,12626
paper_3617,12627
paper_3618,12628
paper_3619,12629
paper_362,12630
paper_3620,12631
paper_3621,12632
paper_3622,12633
paper_3623,12634
paper_3624,12635
paper_3625,12636
paper_3626,12637
paper_3627,12638
paper_3628,12639
paper_3629,12640
paper_363,12641
paper_3630,12642
paper_3631,12643
paper_3632,12644
paper_3633,12645
paper_3634,12646
paper_3635,12647
paper_3636,12648
paper_3637,12649
paper_3638,12650
paper_3639,12651
paper_364,12652
paper_3640,12653
paper_3641,12654
paper_3642,12655
paper_3643,12656
paper_3644,12657
paper_3645,12658
paper_3646,12659
paper_3647,12660
paper_3648,12661
paper_3649,12662
paper_365,12663
paper_3650,12664
paper_3651,12665
paper_3652,12666
paper_3653,12667
paper_3654,12668
paper_3655,12669
paper_3656,12670
paper_3657,12671
paper_3658,12672
paper_3659,12673
paper_366,12674
paper_3660,12675
paper_3661,12676
paper_3662,12677
paper_3663,12678
paper_3664,12679
paper_3665,12680
paper_3666,12681
paper_3667,12682
paper_3668,12683
paper_3669,12684
paper_367,12685
paper_3670,12686
paper_3671,12687
paper_3672,12688
paper_3673,12689
paper_3674,12690
paper_3675,12691
paper_3676,12692
paper_3677,12693
paper_3678,12694
paper_3679,12695
paper_368,12696
paper_3680,12697
paper_3681,12698
paper_3682,12699
paper_3683,12700
paper_3684,12701
paper_3685,12702
paper_3686,12703
paper_3687,12704
paper_3688,12705
paper_3689,12706
paper_369,12707
paper_3690,12708
paper_3691,12709
paper_3692,12710
paper_3693,12711
paper_3694,12712
paper_3695,12713
paper_3696,12714
paper_3697,12715
paper_3698,12716
paper_3699,12717
paper_37,12718
paper_370,12719
paper_3700,12720
paper_3701,12721
paper_3702,12722
paper_3703,12723
paper_3704,12724
paper_3705,12725
paper_3706,12726
paper_3707,12727
paper_3708,12728
paper_3709,12729
paper_371,12730
paper_3710,12731
paper_3711,12732
paper_3712,12733
paper_3713,12734
paper_3714,12735
paper_3715,12736
paper_3716,12737
paper_3717,12738
paper_3718,12739
paper_3719,12740
paper_372,12741
paper_3720,12742
paper_3721,12743
paper_3722,12744
paper_3723,12745
paper_3724,12746
paper_3725,12747
paper_3726,12748
paper_3727,12749
paper_3728,12750
paper_3729,12751
paper_373,12752
paper_3730,12753
paper_3731,12754
paper_3732,12755
paper_3733,12756
paper_3734,12757
paper_3735,12758
paper_3736,12759
paper_3737,12760
paper_3738,12761
paper_3739,12762
paper_374,12763
paper_3740,12764
paper_3741,12765
paper_3742,12766
paper_3743,12767
paper_3744,12768
paper_3745,12769
paper_3746,12770
paper_3747,12771
paper_3748,12772
paper_3749,12773
paper_375,12774
paper_3750,12775
paper_3751,12776
paper_3752,12777
paper_3753,12778
paper_3754,12779
paper_3755,12780
paper_3756,12781
paper_3757,12782
paper_3758,12783
paper_3759,12784
paper_376,12785
paper_3760,12786
paper_3761,12787
paper_3762,12788
paper_3763,12789
paper_3764,12790
paper_3765,12791
paper_3766,12792
paper_3767,12793
paper_3768,12794
paper_3769,12795
paper_377,12796
paper_3770,12797
paper_3771,12798
paper_3772,12799
paper_3773,12800
paper_3774,12801
paper_3775,12802
paper_3776,12803
paper_3777,12804
paper_3778,12805
paper_3779,12806
paper_378,12807
paper_3780,12808
paper_3781,12809
paper_3782,12810
paper_3783,12811
paper_3784,12812
paper_3785,12813
paper_3786,12814
paper_3787,12815
paper_3788,12816
paper_3789,12817
paper_379,12818
paper_3790,12819
paper_3791,12820
paper_3792,12821
paper_3793,12822
paper_3794,12823
paper_3795,12824
paper_3796,12825
paper_3797,12826
paper_3798,12827
paper_3799,12828
paper_38,12829
paper_380,12830
paper_3800,12831
paper_3801,12832
paper_3802,12833
paper_3803,12834
paper_3804,12835
paper_3805,12836
paper_3806,12837
paper_3807,12838
paper_3808,12839
paper_3809,12840
paper_381,12841
paper_3810,12842
paper_3811,12843
paper_3812,12844
paper_3813,12845
paper_3814,12846
paper_3815,12847
paper_3816,12848
paper_3817,12849
paper_3818,12850
paper_3819,12851
paper_382,12852
paper_3820,12853
paper_3821,12854
paper_3822,12855
paper_3823,12856
paper_3824,12857
paper_3825,12858
paper_3826,12859
paper_3827,12860
paper_3828,12861
paper_3829,12862
paper_383,12863
paper_3830,12864
paper_3831,12865
paper_3832,12866
paper_3833,12867
paper_3834,12868
paper_3835,12869
paper_3836,12870
paper_3837,12871
paper_3838,12872
paper_3839,12873
paper_384,12874
paper_3840,12875
paper_3841,12876
paper_3842,12877
paper_3843,12878
paper_3844,12879
paper_3845,12880
paper_3846,12881
paper_3847,12882
paper_3848,12883
paper_3849,12884
paper_385,12885
paper_3850,12886
paper_3851,12887
paper_3852,12888
paper_3853,12889
paper_3854,12890
paper_3855,12891
paper_3856,12892
paper_3857,12893
paper_3858,12894
paper_3859,12895
paper_386,12896
paper_3860,12897
paper_3861,12898
paper_3862,12899
paper_3863,12900
paper_3864,12901
paper_3865,12902
paper_3866,12903
paper_3867,12904
paper_3868,12905
paper_3869,12906
paper_387,12907
paper_3870,12908
paper_3871,12909
paper_3872,12910
paper_3873,12911
paper_3874,12912
paper_3875,12913
paper_3876,12914
paper_3877,12915
paper_3878,12916
paper_3879,12917
paper_388,12918
paper_3880,12919
paper_3881,12920
paper_3882,12921
paper_3883,12922
paper_3884,12923
paper_3885,12924
paper_3886,12925
paper_3887,12926
paper_3888,12927
paper_3889,12928
paper_389,12929
paper_3890,12930
paper_3891,12931
paper_3892,12932
paper_3893,12933
paper_3894,12934
paper_3895,12935
paper_3896,12936
paper_3897,12937
paper_3898,12938
paper_3899,12939
paper_39,12940
paper_390,12941
paper_3900,12942
paper_3901,12943
paper_3902,12944
paper_3903,12945
paper_3904,12946
paper_3905,12947
paper_3906,12948
paper_3907,12949
paper_3908,12950
paper_3909,12951
paper_391,12952
paper_3910,12953
paper_3911,12954
paper_3912,12955
paper_3913,12956
paper_3914,12957
paper_3915,12958
paper_3916,12959
paper_3917,12960
paper_3918,12961
paper_3919,12962
paper_392,12963
paper_3920,12964
paper_3921,12965
paper_3922,12966
paper_3923,12967
paper_3924,12968
paper_3925,12969
paper_3926,12970
paper_3927,12971
paper_3928,12972
paper_3929,12973
paper_393,12974
paper_3930,12975
paper_3931,12976
paper_3932,12977
paper_3933,12978
paper_3934,12979
paper_3935,12980
paper_3936,12981
paper_3937,12982
paper_3938,12983
paper_3939,12984
paper_394,12985
paper_3940,12986
paper_3941,12987
paper_3942,12988
paper_3943,12989
paper_3944,12990
paper_3945,12991
paper_3946,12992
paper_3947,12993
paper_3948,12994
paper_3949,12995
paper_395,12996
paper_3950,12997
paper_3951,12998
paper_3952,12999
paper_3953,13000
paper_3954,13001
paper_3955,13002
paper_3956,13003
paper_3957,13004
paper_3958,13005
paper_3959,13006
paper_396,13007
paper_3960,13008
paper_3961,13009
paper_3962,13010
paper_3963,13011
paper_3964,13012
paper_3965,13013
paper_3966,13014
paper_3967,13015
paper_3968,13016
paper_3969,13017
paper_397,13018
paper_3970,13019
paper_3971,13020
paper_3972,13021
paper_3973,13022
paper_3974,13023
paper_3975,13024
paper_3976,13025
paper_3977,13026
paper_3978,13027
paper_3979,13028
paper_398,13029
paper_3980,13030
paper_3981,13031
paper_3982,13032
paper_3983,13033
paper_3984,13034
paper_3985,13035
paper_3986,13036
paper_3987,13037
paper_3988,13038
paper_3989,13039
paper_399,13040
paper_3990,13041
paper_3991,13042
paper_3992,13043
paper_3993,13044
paper_3994,13045
paper_3995,13046
paper_3996,13047
paper_3997,13048
paper_3998,13049
paper_3999,13050
paper_4,13051
paper_40,13052
paper_400,13053
paper_4000,13054
paper_4001,13055
paper_4002,13056
paper_4003,13057
paper_4004,13058
paper_4005,13059
paper_4006,13060
paper_4007,13061
paper_4008,13062
paper_4009,13063
paper_401,13064
paper_4010,13065
paper_4011,13066
paper_4012,13067
paper_4013,13068
paper_4014,13069
paper_4015,13070
paper_4016,13071
paper_4017,13072
paper_4018,13073
paper_4019,13074
paper_402,13075
paper_4020,13076
paper_4021,13077
paper_4022,13078
paper_4023,13079
paper_4024,13080
paper_4025,13081
paper_4026,13082
paper_4027,13083
paper_4028,13084
paper_4029,13085
paper_403,13086
paper_4030,13087
paper_4031,13088
paper_4032,13089
paper_4033,13090
paper_4034,13091
paper_4035,13092
paper_4036,13093
paper_4037,13094
paper_4038,13095
paper_4039,13096
paper_404,13097
paper_4040,13098
paper_4041,13099
paper_4042,13100
paper_4043,13101
paper_4044,13102
paper_4045,13103
paper_4046,13104
paper_4047,13105
paper_4048,13106
paper_4049,13107
paper_405,13108
paper_4050,13109
paper_4051,13110
paper_4052,13111
paper_4053,13112
paper_4054,13113
paper_4055,13114
paper_4056,13115
paper_4057,13116
paper_4058,13117
paper_4059,13118
paper_406,13119
paper_4060,13120
paper_4061,13121
paper_4062,13122
paper_4063,13123
paper_4064,13124
paper_4065,13125
paper_4066,13126
paper_4067,13127
paper_4068,13128
paper_4069,13129
paper_407,13130
paper_4070,13131
paper_4071,13132
paper_4072,13133
paper_4073,13134
paper_4074,13135
paper_4075,13136
paper_4076,13137
paper_4077,13138
paper_4078,13139
paper_4079,13140
paper_408,13141
paper_4080,13142
paper_4081,13143
paper_4082,13144
paper_4083,13145
paper_4084,13146
paper_4085,13147
paper_4086,13148
paper_4087,13149
paper_4088,13150
paper_4089,13151
paper_409,13152
paper_4090,13153
paper_4091,13154
paper_4092,13155
paper_4093,13156
paper_4094,13157
paper_4095,13158
paper_4096,13159
paper_4097,13160
paper_4098,13161
paper_4099,13162
paper_41,13163
paper_410,13164
paper_4100,13165
paper_4101,13166
paper_4102,13167
paper_4103,13168
paper_4104,13169
paper_4105,13170
paper_4106,13171
paper_4107,13172
paper_4108,13173
paper_4109,13174
paper_411,13175
paper_4110,13176
paper_4111,13177
paper_4112,13178
paper_4113,13179
paper_4114,13180
paper_4115,13181
paper_4116,13182
paper_4117,13183
paper_4118,13184
paper_4119,13185
paper_412,13186
paper_4120,13187
paper_4121,13188
paper_4122,13189
paper_4123,13190
paper_4124,13191
paper_4125,13192
paper_4126,13193
paper_4127,13194
paper_4128,13195
paper_4129,13196
paper_413,13197
paper_4130,13198
paper_4131,13199
paper_4132,13200
paper_4133,13201
paper_4134,13202
paper_4135,13203
paper_4136,13204
paper_4137,13205
paper_4138,13206
paper_4139,13207
paper_414,13208
paper_4140,13209
paper_4141,13210
paper_4142,13211
paper_4143,13212
paper_4144,13213
paper_4145,13214
paper_4146,13215
paper_4147,13216
paper_4148,13217
paper_4149,13218
paper_415,13219
paper_4150,13220
paper_4151,13221
paper_4152,13222
paper_4153,13223
paper_4154,13224
paper_4155,13225
paper_4156,13226
paper_4157,13227
paper_4158,13228
paper_4159,13229
paper_416,13230
paper_4160,13231
paper_4161,13232
paper_4162,13233
paper_4163,13234
paper_4164,13235
paper_4165,13236
paper_4166,13237
paper_4167,13238
paper_4168,13239
paper_4169,13240
paper_417,13241
paper_4170,13242
paper_4171,13243
paper_4172,13244
paper_4173,13245
paper_4174,13246
paper_4175,13247
paper_4176,13248
paper_4177,13249
paper_4178,13250
paper_4179,13251
paper_418,13252
paper_4180,13253
paper_4181,13254
paper_4182,13255
paper_4183,13256
paper_4184,13257
paper_4185,13258
paper_4186,13259
paper_4187,13260
paper_4188,13261
paper_4189,13262
paper_419,13263
paper_4190,13264
paper_4191,13265
paper_4192,13266
paper_4193,13267
paper_4194,13268
paper_4195,13269
paper_4196,13270
paper_4197,13271
paper_4198,13272
paper_4199,13273
paper_42,13274
paper_420,13275
paper_4200,13276
paper_4201,13277
paper_4202,13278
paper_4203,13279
paper_4204,13280
paper_4205,13281
paper_4206,13282
paper_4207,13283
paper_4208,13284
paper_4209,13285
paper_421,13286
paper_4210,13287
paper_4211,13288
paper_4212,13289
paper_4213,13290
paper_4214,13291
paper_4215,13292
paper_4216,13293
paper_4217,13294
paper_4218,13295
paper_4219,13296
paper_422,13297
paper_4220,13298
paper_4221,13299
paper_4222,13300
paper_4223,13301
paper_4224,13302
paper_4225,13303
paper_4226,13304
paper_4227,13305
paper_4228,13306
paper_4229,13307
paper_423,13308
paper_4230,13309
paper_4231,13310
paper_4232,13311
paper_4233,13312
paper_4234,13313
paper_4235,13314
paper_4236,13315
paper_4237,13316
paper_4238,13317
paper_4239,13318
paper_424,13319
paper_4240,13320
paper_4241,13321
paper_4242,13322
paper_4243,13323
paper_4244,13324
paper_4245,13325
paper_4246,13326
paper_4247,13327
paper_4248,13328
paper_4249,13329
paper_425,13330
paper_4250,13331
paper_4251,13332
paper_4252,13333
paper_4253,13334
paper_4254,13335
paper_4255,13336
paper_4256,13337
paper_4257,13338
paper_4258,13339
paper_4259,13340
paper_426,13341
paper_4260,13342
paper_4261,13343
paper_4262,13344
paper_4263,13345
paper_4264,13346
paper_4265,13347
paper_4266,13348
paper_4267,13349
paper_4268,13350
paper_4269,13351
paper_427,13352
paper_4270,13353
paper_4271,13354
paper_4272,13355
paper_4273,13356
paper_4274,13357
paper_4275,13358
paper_4276,13359
paper_4277,13360
paper_4278,13361
paper_4279,13362
paper_428,13363
paper_4280,13364
paper_4281,13365
paper_4282,13366
paper_4283,13367
paper_4284,13368
paper_4285,13369
paper_4286,13370
paper_4287,13371
paper_4288,13372
paper_4289,13373
paper_429,13374
paper_4290,13375
paper_4291,13376
paper_4292,13377
paper_4293,13378
paper_4294,13379
paper_4295,13380
paper_4296,13381
paper_4297,13382
paper_4298,13383
paper_4299,13384
paper_43,13385
paper_430,13386
paper_4300,13387
paper_4301,13388
paper_4302,13389
paper_4303,13390
paper_4304,13391
paper_4305,13392
paper_4306,13393
paper_4307,13394
paper_4308,13395
paper_4309,13396
paper_431,13397
paper_4310,13398
paper_4311,13399
paper_4312,13400
paper_4313,13401
paper_4314,13402
paper_4315,13403
paper_4316,13404
paper_4317,13405
paper_4318,13406
paper_4319,13407
paper_432,13408
paper_4320,13409
paper_4321,13410
paper_4322,13411
paper_4323,13412
paper_4324,13413
paper_4325,13414
paper_4326,13415
paper_4327,13416
paper_4328,13417
paper_4329,13418
paper_433,13419
paper_4330,13420
paper_4331,13421
paper_4332,13422
paper_4333,13423
paper_4334,13424
paper_4335,13425
paper_4336,13426
paper_4337,13427
paper_4338,13428
paper_4339,13429
paper_434,13430
paper_4340,13431
paper_4341,13432
paper_4342,13433
paper_4343,13434
paper_4344,13435
paper_4345,13436
paper_4346,13437
paper_4347,13438
paper_4348,13439
paper_4349,13440
paper_435,13441
paper_4350,13442
paper_4351,13443
paper_4352,13444
paper_4353,13445
paper_4354,13446
paper_4355,13447
paper_4356,13448
paper_4357,13449
paper_4358,13450
paper_4359,13451
paper_436,13452
paper_4360,13453
paper_4361,13454
paper_4362,13455
paper_4363,13456
paper_4364,13457
paper_4365,13458
paper_4366,13459
paper_4367,13460
paper_4368,13461
paper_4369,13462
paper_437,13463
paper_4370,13464
paper_4371,13465
paper_4372,13466
paper_4373,13467
paper_4374,13468
paper_4375,13469
paper_4376,13470
paper_4377,13471
paper_4378,13472
paper_4379,13473
paper_438,13474
paper_4380,13475
paper_4381,13476
paper_4382,13477
paper_4383,13478
paper_4384,13479
paper_4385,13480
paper_4386,13481
paper_4387,13482
paper_4388,13483
paper_4389,13484
paper_439,13485
paper_4390,13486
paper_4391,13487
paper_4392,13488
paper_4393,13489
paper_4394,13490
paper_4395,13491
paper_4396,13492
paper_4397,13493
paper_4398,13494
paper_4399,13495
paper_44,13496
paper_440,13497
paper_4400,13498
paper_4401,13499
paper_4402,13500
paper_4403,13501
paper_4404,13502
paper_4405,13503
paper_4406,13504
paper_4407,13505
paper_4408,13506
paper_4409,13507
paper_441,13508
paper_4410,13509
paper_4411,13510
paper_4412,13511
paper_4413,13512
paper_4414,13513
paper_4415,13514
paper_4416,13515
paper_4417,13516
paper_4418,13517
paper_4419,13518
paper_442,13519
paper_4420,13520
paper_4421,13521
paper_4422,13522
paper_4423,13523
paper_4424,13524
paper_4425,13525
paper_4426,13526
paper_4427,13527
paper_4428,13528
paper_4429,13529
paper_443,13530
paper_4430,13531
paper_4431,13532
paper_4432,13533
paper_4433,13534
paper_4434,13535
paper_4435,13536
paper_4436,13537
paper_4437,13538
paper_4438,13539
paper_4439,13540
paper_444,13541
paper_4440,13542
paper_4441,13543
paper_4442,13544
paper_4443,13545
paper_4444,13546
paper_4445,13547
paper_4446,13548
paper_4447,13549
paper_4448,13550
paper_4449,13551
paper_445,13552
paper_4450,13553
paper_4451,13554
paper_4452,13555
paper_4453,13556
paper_4454,13557
paper_4455,13558
paper_4456,13559
paper_4457,13560
paper_4458,13561
paper_4459,13562
paper_446,13563
paper_4460,13564
paper_4461,13565
paper_4462,13566
paper_4463,13567
paper_4464,13568
paper_4465,13569
paper_4466,13570
paper_4467,13571
paper_4468,13572
paper_4469,13573
paper_447,13574
paper_4470,13575
paper_4471,13576
paper_4472,13577
paper_4473,13578
paper_4474,13579
paper_4475,13580
paper_4476,13581
paper_4477,13582
paper_4478,13583
paper_4479,13584
paper_448,13585
paper_4480,13586
paper_4481,13587
paper_4482,13588
paper_4483,13589
paper_4484,13590
paper_4485,13591
paper_4486,13592
paper_4487,13593
paper_4488,13594
paper_4489,13595
paper_449,13596
paper_4490,13597
paper_4491,13598
paper_4492,13599
paper_4493,13600
paper_4494,13601
paper_4495,13602
paper_4496,13603
paper_4497,13604
paper_4498,13605
paper_4499,13606
paper_45,13607
paper_450,13608
paper_4500,13609
paper_4501,13610
paper_4502,13611
paper_4503,13612
paper_4504,13613
paper_4505,13614
paper_4506,13615
paper_4507,13616
paper_4508,13617
paper_4509,13618
paper_451,13619
paper_4510,13620
paper_4511,13621
paper_4512,13622
paper_4513,13623
paper_4514,13624
paper_4515,13625
paper_4516,13626
paper_4517,13627
paper_4518,13628
paper_4519,13629
paper_452,13630
paper_4520,13631
paper_4521,13632
paper_4522,13633
paper_4523,13634
paper_4524,13635
paper_4525,13636
paper_4526,13637
paper_4527,13638
paper_4528,13639
paper_4529,13640
paper_453,13641
paper_4530,13642
paper_4531,13643
paper_4532,13644
paper_4533,13645
paper_4534,13646
paper_4535,13647
paper_4536,13648
paper_4537,13649
paper_4538,13650
paper_4539,13651
paper_454,13652
paper_4540,13653
paper_4541,13654
paper_4542,13655
paper_4543,13656
paper_4544,13657
paper_4545,13658
paper_4546,13659
paper_4547,13660
paper_4548,13661
paper_4549,13662
paper_455,13663
paper_4550,13664
paper_4551,13665
paper_4552,13666
paper_4553,13667
paper_4554,13668
paper_4555,13669
paper_4556,13670
paper_4557,13671
paper_4558,13672
paper_4559,13673
paper_456,13674
paper_4560,13675
paper_4561,13676
paper_4562,13677
paper_4563,13678
paper_4564,13679
paper_4565,13680
paper_4566,13681
paper_4567,13682
paper_4568,13683
paper_4569,13684
paper_457,13685
paper_4570,13686
paper_4571,13687
paper_4572,13688
paper_4573,13689
paper_4574,13690
paper_4575,13691
paper_4576,13692
paper_4577,13693
paper_4578,13694
paper_4579,13695
paper_458,13696
paper_4580,13697
paper_4581,13698
paper_4582,13699
paper_4583,13700
paper_4584,13701
paper_4585,13702
paper_4586,13703
paper_4587,13704
paper_4588,13705
paper_4589,13706
paper_459,13707
paper_4590,13708
paper_4591,13709
paper_4592,13710
paper_4593,13711
paper_4594,13712
paper_4595,13713
paper_4596,13714
paper_4597,13715
paper_4598,13716
paper_4599,13717
paper_46,13718
paper_460,13719
paper_4600,13720
paper_4601,13721
paper_4602,13722
paper_4603,13723
paper_4604,13724
paper_4605,13725
paper_4606,13726
paper_4607,13727
paper_4608,13728
paper_4609,13729
paper_461,13730
paper_4610,13731
paper_4611,13732
paper_4612,13733
paper_4613,13734
paper_4614,13735
paper_4615,13736
paper_4616,13737
paper_4617,13738
paper_4618,13739
paper_4619,13740
paper_462,13741
paper_4620,13742
paper_4621,13743
paper_4622,13744
paper_4623,13745
paper_4624,13746
paper_4625,13747
paper_4626,13748
paper_4627,13749
paper_4628,13750
paper_4629,13751
paper_463,13752
paper_4630,13753
paper_4631,13754
paper_4632,13755
paper_4633,13756
paper_4634,13757
paper_4635,13758
paper_4636,13759
paper_4637,13760
paper_4638,13761
paper_4639,13762
paper_464,13763
paper_4640,13764
paper_4641,13765
paper_4642,13766
paper_4643,13767
paper_4644,13768
paper_4645,13769
paper_4646,13770
paper_4647,13771
paper_4648,13772
paper_4649,13773
paper_465,13774
paper_4650,13775
paper_4651,13776
paper_4652,13777
paper_4653,13778
paper_4654,13779
paper_4655,13780
paper_4656,13781
paper_4657,13782
paper_4658,13783
paper_4659,13784
paper_466,13785
paper_4660,13786
paper_4661,13787
paper_4662,13788
paper_4663,13789
paper_4664,13790
paper_4665,13791
paper_4666,13792
paper_4667,13793
paper_4668,13794
paper_4669,13795
paper_467,13796
paper_4670,13797
paper_4671,13798
paper_4672,13799
paper_4673,13800
paper_4674,13801
paper_4675,13802
paper_4676,13803
paper_4677,13804
paper_4678,13805
paper_4679,13806
paper_468,13807
paper_4680,13808
paper_4681,13809
paper_4682,13810
paper_4683,13811
paper_4684,13812
paper_4685,13813
paper_4686,13814
paper_4687,13815
paper_4688,13816
paper_4689,13817
paper_469,13818
paper_4690,13819
paper_4691,13820
paper_4692,13821
paper_4693,13822
paper_4694,13823
paper_4695,13824
paper_4696,13825
paper_4697,13826
paper_4698,13827
paper_4699,13828
paper_47,13829
paper_470,13830
paper_4700,13831
paper_4701,13832
paper_4702,13833
paper_4703,13834
paper_4704,13835
paper_4705,13836
paper_4706,13837
paper_4707,13838
paper_4708,13839
paper_4709,13840
paper_471,13841
paper_4710,13842
paper_4711,13843
paper_4712,13844
paper_4713,13845
paper_4714,13846
paper_4715,13847
paper_4716,13848
paper_4717,13849
paper_4718,13850
paper_4719,13851
paper_472,13852
paper_4720,13853
paper_4721,13854
paper_4722,13855
paper_4723,13856
paper_4724,13857
paper_4725,13858
paper_4726,13859
paper_4727,13860
paper_4728,13861
paper_4729,13862
paper_473,13863
paper_4730,13864
paper_4731,13865
paper_4732,13866
paper_4733,13867
paper_4734,13868
paper_4735,13869
paper_4736,13870
paper_4737,13871
paper_4738,13872
paper_4739,13873
paper_474,13874
paper_4740,13875
paper_4741,13876
paper_4742,13877
paper_4743,13878
paper_4744,13879
paper_4745,13880
paper_4746,13881
paper_4747,13882
paper_4748,13883
paper_4749,13884
paper_475,13885
paper_4750,13886
paper_4751,13887
paper_4752,13888
paper_4753,13889
paper_4754,13890
paper_4755,13891
paper_4756,13892
paper_4757,13893
paper_4758,13894
paper_4759,13895
paper_476,13896
paper_4760,13897
paper_4761,13898
paper_4762,13899
paper_4763,13900
paper_4764,13901
paper_4765,13902
paper_4766,13903
paper_4767,13904
paper_4768,13905
paper_4769,13906
paper_477,13907
paper_4770,13908
paper_4771,13909
paper_4772,13910
paper_4773,13911
paper_4774,13912
paper_4775,13913
paper_4776,13914
paper_4777,13915
paper_4778,13916
paper_4779,13917
paper_478,13918
paper_4780,13919
paper_4781,13920
paper_4782,13921
paper_4783,13922
paper_4784,13923
paper_4785,13924
paper_4786,13925
paper_4787,13926
paper_4788,13927
paper_4789,13928
paper_479,13929
paper_4790,13930
paper_4791,13931
paper_4792,13932
paper_4793,13933
paper_4794,13934
paper_4795,13935
paper_4796,13936
paper_4797,13937
paper_4798,13938
paper_4799,13939
paper_48,13940
paper_480,13941
paper_4800,13942
paper_4801,13943
paper_4802,13944
paper_4803,13945
paper_4804,13946
paper_4805,13947
paper_4806,13948
paper_4807,13949
paper_4808,13950
paper_4809,13951
paper_481,13952
paper_4810,13953
paper_4811,13954
paper_4812,13955
paper_4813,13956
paper_4814,13957
paper_4815,13958
paper_4816,13959
paper_4817,13960
paper_4818,13961
paper_4819,13962
paper_482,13963
paper_4820,13964
paper_4821,13965
paper_4822,13966
paper_4823,13967
paper_4824,13968
paper_4825,13969
paper_4826,13970
paper_4827,13971
paper_4828,13972
paper_4829,13973
paper_483,13974
paper_4830,13975
paper_4831,13976
paper_4832,13977
paper_4833,13978
paper_4834,13979
paper_4835,13980
paper_4836,13981
paper_4837,13982
paper_4838,13983
paper_4839,13984
paper_484,13985
paper_4840,13986
paper_4841,13987
paper_4842,13988
paper_4843,13989
paper_4844,13990
paper_4845,13991
paper_4846,13992
paper_4847,13993
paper_4848,13994
paper_4849,13995
paper_485,13996
paper_4850,13997
paper_4851,13998
paper_4852,13999
paper_4853,14000
paper_4854,14001
paper_4855,14002
paper_4856,14003
paper_4857,14004
paper_4858,14005
paper_4859,14006
paper_486,14007
paper_4860,14008
paper_4861,14009
paper_4862,14010
paper_4863,14011
paper_4864,14012
paper_4865,14013
paper_4866,14014
paper_4867,14015
paper_4868,14016
paper_4869,14017
paper_487,14018
paper_4870,14019
paper_4871,14020
paper_4872,14021
paper_4873,14022
paper_4874,14023
paper_4875,14024
paper_4876,14025
paper_4877,14026
paper_4878,14027
paper_4879,14028
paper_488,14029
paper_4880,14030
paper_4881,14031
paper_4882,14032
paper_4883,14033
paper_4884,14034
paper_4885,14035
paper_4886,14036
paper_4887,14037
paper_4888,14038
paper_4889,14039
paper_489,14040
paper_4890,14041
paper_4891,14042
paper_4892,14043
paper_4893,14044
paper_4894,14045
paper_4895,14046
paper_4896,14047
paper_4897,14048
paper_4898,14049
paper_4899,14050
paper_49,14051
paper_490,14052
paper_4900,14053
paper_4901,14054
paper_4902,14055
paper_4903,14056
paper_4904,14057
paper_4905,14058
paper_4906,14059
paper_4907,14060
paper_4908,14061
paper_4909,14062
paper_491,14063
paper_4910,14064
paper_4911,14065
paper_4912,14066
paper_4913,14067
paper_4914,14068
paper_4915,14069
paper_4916,14070
paper_4917,14071
paper_4918,14072
paper_4919,14073
paper_492,14074
paper_4920,14075
paper_4921,14076
paper_4922,14077
paper_4923,14078
paper_4924,14079
paper_4925,14080
paper_4926,14081
paper_4927,14082
paper_4928,14083
paper_4929,14084
paper_493,14085
paper_4930,14086
paper_4931,14087
paper_4932,14088
paper_4933,14089
paper_4934,14090
paper_4935,14091
paper_4936,14092
paper_4937,14093
paper_4938,14094
paper_4939,14095
paper_494,14096
paper_4940,14097
paper_4941,14098
paper_4942,14099
paper_4943,14100
paper_4944,14101
paper_4945,14102
paper_4946,14103
paper_4947,14104
paper_4948,14105
paper_4949,14106
paper_495,14107
paper_4950,14108
paper_4951,14109
paper_4952,14110
paper_4953,14111
paper_4954,14112
paper_4955,14113
paper_4956,14114
paper_4957,14115
paper_4958,14116
paper_4959,14117
paper_496,14118
paper_4960,14119
paper_4961,14120
paper_4962,14121
paper_4963,14122
paper_4964,14123
paper_4965,14124
paper_4966,14125
paper_4967,14126
paper_4968,14127
paper_4969,14128
paper_497,14129
paper_4970,14130
paper_4971,14131
paper_4972,14132
paper_4973,14133
paper_4974,14134
paper_4975,14135
paper_4976,14136
paper_4977,14137
paper_4978,14138
paper_4979,14139
paper_498,14140
paper_4980,14141
paper_4981,14142
paper_4982,14143
paper_4983,14144
paper_4984,14145
paper_4985,14146
paper_4986,14147
paper_4987,14148
paper_4988,14149
paper_4989,14150
paper_499,14151
paper_4990,14152
paper_4991,14153
paper_4992,14154
paper_4993,14155
paper_4994,14156
paper_4995,14157
paper_4996,14158
paper_4997,14159
paper_4998,14160
paper_4999,14161
paper_5,14162
paper_50,14163
paper_500,14164
paper_5000,14165
paper_5001,14166
paper_5002,14167
paper_5003,14168
paper_5004,14169
paper_5005,14170
paper_5006,14171
paper_5007,14172
paper_5008,14173
paper_5009,14174
paper_501,14175
paper_5010,14176
paper_5011,14177
paper_5012,14178
paper_5013,14179
paper_5014,14180
paper_5015,14181
paper_5016,14182
paper_5017,14183
paper_5018,14184
paper_5019,14185
paper_502,14186
paper_5020,14187
paper_5021,14188
paper_5022,14189
paper_5023,14190
paper_5024,14191
paper_5025,14192
paper_5026,14193
paper_5027,14194
paper_5028,14195
paper_5029,14196
paper_503,14197
paper_5030,14198
paper_5031,14199
paper_5032,14200
paper_5033,14201
paper_5034,14202
paper_5035,14203
paper_5036,14204
paper_5037,14205
paper_5038,14206
paper_5039,14207
paper_504,14208
paper_5040,14209
paper_5041,14210
paper_5042,14211
paper_5043,14212
paper_5044,14213
paper_5045,14214
paper_5046,14215
paper_5047,14216
paper_5048,14217
paper_5049,14218
paper_505,14219
paper_5050,14220
paper_5051,14221
paper_5052,14222
paper_5053,14223
paper_5054,14224
paper_5055,14225
paper_5056,14226
paper_5057,14227
paper_5058,14228
paper_5059,14229
paper_506,14230
paper_5060,14231
paper_5061,14232
paper_5062,14233
paper_5063,14234
paper_5064,14235
paper_5065,14236
paper_5066,14237
paper_5067,14238
paper_5068,14239
paper_5069,14240
paper_507,14241
paper_5070,14242
paper_5071,14243
paper_5072,14244
paper_5073,14245
paper_5074,14246
paper_5075,14247
paper_5076,14248
paper_5077,14249
paper_5078,14250
paper_5079,14251
paper_508,14252
paper_5080,14253
paper_5081,14254
paper_5082,14255
paper_5083,14256
paper_5084,14257
paper_5085,14258
paper_5086,14259
paper_5087,14260
paper_5088,14261
paper_5089,14262
paper_509,14263
paper_5090,14264
paper_5091,14265
paper_5092,14266
paper_5093,14267
paper_5094,14268
paper_5095,14269
paper_5096,14270
paper_5097,14271
paper_5098,14272
paper_5099,14273
paper_51,14274
paper_510,14275
paper_5100,14276
paper_5101,14277
paper_5102,14278
paper_5103,14279
paper_5104,14280
paper_5105,14281
paper_5106,14282
paper_5107,14283
paper_5108,14284
paper_5109,14285
paper_511,14286
paper_5110,14287
paper_5111,14288
paper_5112,14289
paper_5113,14290
paper_5114,14291
paper_5115,14292
paper_5116,14293
paper_5117,14294
paper_5118,14295
paper_5119,14296
paper_512,14297
paper_5120,14298
paper_5121,14299
paper_5122,14300
paper_5123,14301
paper_5124,14302
paper_5125,14303
paper_5126,14304
paper_5127,14305
paper_5128,14306
paper_5129,14307
paper_513,14308
paper_5130,14309
paper_5131,14310
paper_5132,14311
paper_5133,14312
paper_5134,14313
paper_5135,14314
paper_5136,14315
paper_5137,14316
paper_5138,14317
paper_5139,14318
paper_514,14319
paper_5140,14320
paper_5141,14321
paper_5142,14322
paper_5143,14323
paper_5144,14324
paper_5145,14325
paper_5146,14326
paper_5147,14327
paper_5148,14328
paper_5149,14329
paper_515,14330
paper_5150,14331
paper_5151,14332
paper_5152,14333
paper_5153,14334
paper_5154,14335
paper_5155,14336
paper_5156,14337
paper_5157,14338
paper_5158,14339
paper_5159,14340
paper_516,14341
paper_5160,14342
paper_5161,14343
paper_5162,14344
paper_5163,14345
paper_5164,14346
paper_5165,14347
paper_5166,14348
paper_5167,14349
paper_5168,14350
paper_5169,14351
paper_517,14352
paper_5170,14353
paper_5171,14354
paper_5172,14355
paper_5173,14356
paper_5174,14357
paper_5175,14358
paper_5176,14359
paper_5177,14360
paper_5178,14361
paper_5179,14362
paper_518,14363
paper_5180,14364
paper_5181,14365
paper_5182,14366
paper_5183,14367
paper_5184,14368
paper_5185,14369
paper_5186,14370
paper_5187,14371
paper_5188,14372
paper_5189,14373
paper_519,14374
paper_5190,14375
paper_5191,14376
paper_5192,14377
paper_5193,14378
paper_5194,14379
paper_5195,14380
paper_5196,14381
paper_5197,14382
paper_5198,14383
paper_5199,14384
paper_52,14385
paper_520,14386
paper_5200,14387
paper_5201,14388
paper_5202,14389
paper_5203,14390
paper_5204,14391
paper_5205,14392
paper_5206,14393
paper_5207,14394
paper_5208,14395
paper_5209,14396
paper_521,14397
paper_5210,14398
paper_5211,14399
paper_5212,14400
paper_5213,14401
paper_5214,14402
paper_5215,14403
paper_5216,14404
paper_5217,14405
paper_5218,14406
paper_5219,14407
paper_522,14408
paper_5220,14409
paper_5221,14410
paper_5222,14411
paper_5223,14412
paper_5224,14413
paper_5225,14414
paper_5226,14415
paper_5227,14416
paper_5228,14417
paper_5229,14418
paper_523,14419
paper_5230,14420
paper_5231,14421
paper_5232,14422
paper_5233,14423
paper_5234,14424
paper_5235,14425
paper_5236,14426
paper_5237,14427
paper_5238,14428
paper_5239,14429
paper_524,14430
paper_5240,14431
paper_5241,14432
paper_5242,14433
paper_5243,14434
paper_5244,14435
paper_5245,14436
paper_5246,14437
paper_5247,14438
paper_5248,14439
paper_5249,14440
paper_525,14441
paper_5250,14442
paper_5251,14443
paper_5252,14444
paper_5253,14445
paper_5254,14446
paper_5255,14447
paper_5256,14448
paper_5257,14449
paper_5258,14450
paper_5259,14451
paper_526,14452
paper_5260,14453
paper_5261,14454
paper_5262,14455
paper_5263,14456
paper_5264,14457
paper_5265,14458
paper_5266,14459
paper_5267,14460
paper_5268,14461
paper_5269,14462
paper_527,14463
paper_5270,14464
paper_5271,14465
paper_5272,14466
paper_5273,14467
paper_5274,14468
paper_5275,14469
paper_5276,14470
paper_5277,14471
paper_5278,14472
paper_5279,14473
paper_528,14474
paper_5280,14475
paper_5281,14476
paper_5282,14477
paper_5283,14478
paper_5284,14479
paper_5285,14480
paper_5286,14481
paper_5287,14482
paper_5288,14483
paper_5289,14484
paper_529,14485
paper_5290,14486
paper_5291,14487
paper_5292,14488
paper_5293,14489
paper_5294,14490
paper_5295,14491
paper_5296,14492
paper_5297,14493
paper_5298,14494
paper_5299,14495
paper_53,14496
paper_530,14497
paper_5300,14498
paper_5301,14499
paper_5302,14500
paper_5303,14501
paper_5304,14502
paper_5305,14503
paper_5306,14504
paper_5307,14505
paper_5308,14506
paper_5309,14507
paper_531,14508
paper_5310,14509
paper_5311,14510
paper_5312,14511
paper_5313,14512
paper_5314,14513
paper_5315,14514
paper_5316,14515
paper_5317,14516
paper_5318,14517
paper_5319,14518
paper_532,14519
paper_5320,14520
paper_5321,14521
paper_5322,14522
paper_5323,14523
paper_5324,14524
paper_5325,14525
paper_5326,14526
paper_5327,14527
paper_5328,14528
paper_5329,14529
paper_533,14530
paper_5330,14531
paper_5331,14532
paper_5332,14533
paper_5333,14534
paper_5334,14535
paper_5335,14536
paper_5336,14537
paper_5337,14538
paper_5338,14539
paper_5339,14540
paper_534,14541
paper_5340,14542
paper_5341,14543
paper_5342,14544
paper_5343,14545
paper_5344,14546
paper_5345,14547
paper_5346,14548
paper_5347,14549
paper_5348,14550
paper_5349,14551
paper_535,14552
paper_5350,14553
paper_5351,14554
paper_5352,14555
paper_5353,14556
paper_5354,14557
paper_5355,14558
paper_5356,14559
paper_5357,14560
paper_5358,14561
paper_5359,14562
paper_536,14563
paper_5360,14564
paper_5361,14565
paper_5362,14566
paper_5363,14567
paper_5364,14568
paper_5365,14569
paper_5366,14570
paper_5367,14571
paper_5368,14572
paper_5369,14573
paper_537,14574
paper_5370,14575
paper_5371,14576
paper_5372,14577
paper_5373,14578
paper_5374,14579
paper_5375,14580
paper_5376,14581
paper_5377,14582
paper_5378,14583
paper_5379,14584
paper_538,14585
paper_5380,14586
paper_5381,14587
paper_5382,14588
paper_5383,14589
paper_5384,14590
paper_5385,14591
paper_5386,14592
paper_5387,14593
paper_5388,14594
paper_5389,14595
paper_539,14596
paper_5390,14597
paper_5391,14598
paper_5392,14599
paper_5393,14600
paper_5394,14601
paper_5395,14602
paper_5396,14603
paper_5397,14604
paper_5398,14605
paper_5399,14606
paper_54,14607
paper_540,14608
paper_5400,14609
paper_5401,14610
paper_5402,14611
paper_5403,14612
paper_5404,14613
paper_5405,14614
paper_5406,14615
paper_5407,14616
paper_5408,14617
paper_5409,14618
paper_541,14619
paper_5410,14620
paper_5411,14621
paper_5412,14622
paper_5413,14623
paper_5414,14624
paper_5415,14625
paper_5416,14626
paper_5417,14627
paper_5418,14628
paper_5419,14629
paper_542,14630
paper_5420,14631
paper_5421,14632
paper_5422,14633
paper_5423,14634
paper_5424,14635
paper_5425,14636
paper_5426,14637
paper_5427,14638
paper_5428,14639
paper_5429,14640
paper_543,14641
paper_5430,14642
paper_5431,14643
paper_5432,14644
paper_5433,14645
paper_5434,14646
paper_5435,14647
paper_5436,14648
paper_5437,14649
paper_5438,14650
paper_5439,14651
paper_544,14652
paper_5440,14653
paper_5441,14654
paper_5442,14655
paper_5443,14656
paper_5444,14657
paper_5445,14658
paper_5446,14659
paper_5447,14660
paper_5448,14661
paper_5449,14662
paper_545,14663
paper_5450,14664
paper_5451,14665
paper_5452,14666
paper_5453,14667
paper_5454,14668
paper_5455,14669
paper_5456,14670
paper_5457,14671
paper_5458,14672
paper_5459,14673
paper_546,14674
paper_5460,14675
paper_5461,14676
paper_5462,14677
paper_5463,14678
paper_5464,14679
paper_5465,14680
paper_5466,14681
paper_5467,14682
paper_5468,14683
paper_5469,14684
paper_547,14685
paper_5470,14686
paper_5471,14687
paper_5472,14688
paper_5473,14689
paper_5474,14690
paper_5475,14691
paper_5476,14692
paper_5477,14693
paper_5478,14694
paper_5479,14695
paper_548,14696
paper_5480,14697
paper_5481,14698
paper_5482,14699
paper_5483,14700
paper_5484,14701
paper_5485,14702
paper_5486,14703
paper_5487,14704
paper_5488,14705
paper_5489,14706
paper_549,14707
paper_5490,14708
paper_5491,14709
paper_5492,14710
paper_5493,14711
paper_5494,14712
paper_5495,14713
paper_5496,14714
paper_5497,14715
paper_5498,14716
paper_5499,14717
paper_55,14718
paper_550,14719
paper_5500,14720
paper_5501,14721
paper_5502,14722
paper_5503,14723
paper_5504,14724
paper_5505,14725
paper_5506,14726
paper_5507,14727
paper_5508,14728
paper_5509,14729
paper_551,14730
paper_5510,14731
paper_5511,14732
paper_5512,14733
paper_5513,14734
paper_5514,14735
paper_5515,14736
paper_5516,14737
paper_5517,14738
paper_5518,14739
paper_5519,14740
paper_552,14741
paper_5520,14742
paper_5521,14743
paper_5522,14744
paper_5523,14745
paper_5524,14746
paper_5525,14747
paper_5526,14748
paper_5527,14749
paper_5528,14750
paper_5529,14751
paper_553,14752
paper_5530,14753
paper_5531,14754
paper_5532,14755
paper_5533,14756
paper_5534,14757
paper_5535,14758
paper_5536,14759
paper_5537,14760
paper_5538,14761
paper_5539,14762
paper_554,14763
paper_5540,14764
paper_5541,14765
paper_5542,14766
paper_5543,14767
paper_5544,14768
paper_5545,14769
paper_5546,14770
paper_5547,14771
paper_5548,14772
paper_5549,14773
paper_555,14774
paper_5550,14775
paper_5551,14776
paper_5552,14777
paper_5553,14778
paper_5554,14779
paper_5555,14780
paper_5556,14781
paper_5557,14782
paper_5558,14783
paper_5559,14784
paper_556,14785
paper_5560,14786
paper_5561,14787
paper_5562,14788
paper_5563,14789
paper_5564,14790
paper_5565,14791
paper_5566,14792
paper_5567,14793
paper_5568,14794
paper_5569,14795
paper_557,14796
paper_5570,14797
paper_5571,14798
paper_5572,14799
paper_5573,14800
paper_5574,14801
paper_5575,14802
paper_5576,14803
paper_5577,14804
paper_5578,14805
paper_5579,14806
paper_558,14807
paper_5580,14808
paper_5581,14809
paper_5582,14810
paper_5583,14811
paper_5584,14812
paper_5585,14813
paper_5586,14814
paper_5587,14815
paper_5588,14816
paper_5589,14817
paper_559,14818
paper_5590,14819
paper_5591,14820
paper_5592,14821
paper_5593,14822
paper_5594,14823
paper_5595,14824
paper_5596,14825
paper_5597,14826
paper_5598,14827
paper_5599,14828
paper_56,14829
paper_560,14830
paper_5600,14831
paper_5601,14832
paper_5602,14833
paper_5603,14834
paper_5604,14835
paper_5605,14836
paper_5606,14837
paper_5607,14838
paper_5608,14839
paper_5609,14840
paper_561,14841
paper_5610,14842
paper_5611,14843
paper_5612,14844
paper_5613,14845
paper_5614,14846
paper_5615,14847
paper_5616,14848
paper_5617,14849
paper_5618,14850
paper_5619,14851
paper_562,14852
paper_5620,14853
paper_5621,14854
paper_5622,14855
paper_5623,14856
paper_5624,14857
paper_5625,14858
paper_5626,14859
paper_5627,14860
paper_5628,14861
paper_5629,14862
paper_563,14863
paper_5630,14864
paper_5631,14865
paper_5632,14866
paper_5633,14867
paper_5634,14868
paper_5635,14869
paper_5636,14870
paper_5637,14871
paper_5638,14872
paper_5639,14873
paper_564,14874
paper_5640,14875
paper_5641,14876
paper_5642,14877
paper_5643,14878
paper_5644,14879
paper_5645,14880
paper_5646,14881
paper_5647,14882
paper_5648,14883
paper_5649,14884
paper_565,14885
paper_5650,14886
paper_5651,14887
paper_5652,14888
paper_5653,14889
paper_5654,14890
paper_5655,14891
paper_5656,14892
paper_5657,14893
paper_5658,14894
paper_5659,14895
paper_566,14896
paper_5660,14897
paper_5661,14898
paper_5662,14899
paper_5663,14900
paper_5664,14901
paper_5665,14902
paper_5666,14903
paper_5667,14904
paper_5668,14905
paper_5669,14906
paper_567,14907
paper_5670,14908
paper_5671,14909
paper_5672,14910
paper_5673,14911
paper_5674,14912
paper_5675,14913
paper_5676,14914
paper_5677,14915
paper_5678,14916
paper_5679,14917
paper_568,14918
paper_5680,14919
paper_5681,14920
paper_5682,14921
paper_5683,14922
paper_5684,14923
paper_5685,14924
paper_5686,14925
paper_5687,14926
paper_5688,14927
paper_5689,14928
paper_569,14929
paper_5690,14930
paper_5691,14931
paper_5692,14932
paper_5693,14933
paper_5694,14934
paper_5695,14935
paper_5696,14936
paper_5697,14937
paper_5698,14938
paper_5699,14939
paper_57,14940
paper_570,14941
paper_5700,14942
paper_5701,14943
paper_5702,14944
paper_5703,14945
paper_5704,14946
paper_5705,14947
paper_5706,14948
paper_5707,14949
paper_5708,14950
paper_5709,14951
paper_571,14952
paper_5710,14953
paper_5711,14954
paper_5712,14955
paper_5713,14956
paper_5714,14957
paper_5715,14958
paper_5716,14959
paper_5717,14960
paper_5718,14961
paper_5719,14962
paper_572,14963
paper_5720,14964
paper_5721,14965
paper_5722,14966
paper_5723,14967
paper_5724,14968
paper_5725,14969
paper_5726,14970
paper_5727,14971
paper_5728,14972
paper_5729,14973
paper_573,14974
paper_5730,14975
paper_5731,14976
paper_5732,14977
paper_5733,14978
paper_5734,14979
paper_5735,14980
paper_5736,14981
paper_5737,14982
paper_5738,14983
paper_5739,14984
paper_574,14985
paper_5740,14986
paper_5741,14987
paper_5742,14988
paper_5743,14989
paper_5744,14990
paper_5745,14991
paper_5746,14992
paper_5747,14993
paper_5748,14994
paper_5749,14995
paper_575,14996
paper_5750,14997
paper_5751,14998
paper_5752,14999
paper_5753,15000
paper_5754,15001
paper_5755,15002
paper_5756,15003
paper_5757,15004
paper_5758,15005
paper_5759,15006
paper_576,15007
paper_5760,15008
paper_5761,15009
paper_5762,15010
paper_5763,15011
paper_5764,15012
paper_5765,15013
paper_5766,15014
paper_5767,15015
paper_5768,15016
paper_5769,15017
paper_577,15018
paper_5770,15019
paper_5771,15020
paper_5772,15021
paper_5773,15022
paper_5774,15023
paper_5775,15024
paper_5776,15025
paper_5777,15026
paper_5778,15027
paper_5779,15028
paper_578,15029
paper_5780,15030
paper_5781,15031
paper_5782,15032
paper_5783,15033
paper_5784,15034
paper_5785,15035
paper_5786,15036
paper_5787,15037
paper_5788,15038
paper_5789,15039
paper_579,15040
paper_5790,15041
paper_5791,15042
paper_5792,15043
paper_5793,15044
paper_5794,15045
paper_5795,15046
paper_5796,15047
paper_5797,15048
paper_5798,15049
paper_5799,15050
paper_58,15051
paper_580,15052
paper_5800,15053
paper_5801,15054
paper_5802,15055
paper_5803,15056
paper_5804,15057
paper_5805,15058
paper_5806,15059
paper_5807,15060
paper_5808,15061
paper_5809,15062
paper_581,15063
paper_5810,15064
paper_5811,15065
paper_5812,15066
paper_5813,15067
paper_5814,15068
paper_5815,15069
paper_5816,15070
paper_5817,15071
paper_5818,15072
paper_5819,15073
paper_582,15074
paper_5820,15075
paper_5821,15076
paper_5822,15077
paper_5823,15078
paper_5824,15079
paper_5825,15080
paper_5826,15081
paper_5827,15082
paper_5828,15083
paper_5829,15084
paper_583,15085
paper_5830,15086
paper_5831,15087
paper_5832,15088
paper_5833,15089
paper_5834,15090
paper_5835,15091
paper_5836,15092
paper_5837,15093
paper_5838,15094
paper_5839,15095
paper_584,15096
paper_5840,15097
paper_5841,15098
paper_5842,15099
paper_5843,15100
paper_5844,15101
paper_5845,15102
paper_5846,15103
paper_5847,15104
paper_5848,15105
paper_5849,15106
paper_585,15107
paper_5850,15108
paper_5851,15109
paper_5852,15110
paper_5853,15111
paper_5854,15112
paper_5855,15113
paper_5856,15114
paper_5857,15115
paper_5858,15116
paper_5859,15117
paper_586,15118
paper_5860,15119
paper_5861,15120
paper_5862,15121
paper_5863,15122
paper_5864,15123
paper_5865,15124
paper_5866,15125
paper_5867,15126
paper_5868,15127
paper_5869,15128
paper_587,15129
paper_5870,15130
paper_5871,15131
paper_5872,15132
paper_5873,15133
paper_5874,15134
paper_5875,15135
paper_5876,15136
paper_5877,15137
paper_5878,15138
paper_5879,15139
paper_588,15140
paper_5880,15141
paper_5881,15142
paper_5882,15143
paper_5883,15144
paper_5884,15145
paper_5885,15146
paper_5886,15147
paper_5887,15148
paper_5888,15149
paper_5889,15150
paper_589,15151
paper_5890,15152
paper_5891,15153
paper_5892,15154
paper_5893,15155
paper_5894,15156
paper_5895,15157
paper_5896,15158
paper_5897,15159
paper_5898,15160
paper_5899,15161
paper_59,15162
paper_590,15163
paper_5900,15164
paper_5901,15165
paper_5902,15166
paper_5903,15167
paper_5904,15168
paper_5905,15169
paper_5906,15170
paper_5907,15171
paper_5908,15172
paper_5909,15173
paper_591,15174
paper_5910,15175
paper_5911,15176
paper_5912,15177
paper_5913,15178
paper_5914,15179
paper_5915,15180
paper_5916,15181
paper_5917,15182
paper_5918,15183
paper_5919,15184
paper_592,15185
paper_5920,15186
paper_5921,15187
paper_5922,15188
paper_5923,15189
paper_5924,15190
paper_5925,15191
paper_5926,15192
paper_5927,15193
paper_5928,15194
paper_5929,15195
paper_593,15196
paper_5930,15197
paper_5931,15198
paper_5932,15199
paper_5933,15200
paper_5934,15201
paper_5935,15202
paper_5936,15203
paper_5937,15204
paper_5938,15205
paper_5939,15206
paper_594,15207
paper_5940,15208
paper_5941,15209
paper_5942,15210
paper_5943,15211
paper_5944,15212
paper_5945,15213
paper_5946,15214
paper_5947,15215
paper_5948,15216
paper_5949,15217
paper_595,15218
paper_5950,15219
paper_5951,15220
paper_5952,15221
paper_5953,15222
paper_5954,15223
paper_5955,15224
paper_5956,15225
paper_5957,15226
paper_5958,15227
paper_5959,15228
paper_596,15229
paper_5960,15230
paper_5961,15231
paper_5962,15232
paper_5963,15233
paper_5964,15234
paper_5965,15235
paper_5966,15236
paper_5967,15237
paper_5968,15238
paper_5969,15239
paper_597,15240
paper_5970,15241
paper_5971,15242
paper_5972,15243
paper_5973,15244
paper_5974,15245
paper_5975,15246
paper_5976,15247
paper_5977,15248
paper_5978,15249
paper_5979,15250
paper_598,15251
paper_5980,15252
paper_5981,15253
paper_5982,15254
paper_5983,15255
paper_5984,15256
paper_5985,15257
paper_5986,15258
paper_5987,15259
paper_5988,15260
paper_5989,15261
paper_599,15262
paper_5990,15263
paper_5991,15264
paper_5992,15265
paper_5993,15266
paper_5994,15267
paper_5995,15268
paper_5996,15269
paper_5997,15270
paper_5998,15271
paper_5999,15272
paper_6,15273
paper_60,15274
paper_600,15275
paper_6000,15276
paper_6001,15277
paper_6002,15278
paper_6003,15279
paper_6004,15280
paper_6005,15281
paper_6006,15282
paper_6007,15283
paper_6008,15284
paper_6009,15285
paper_601,15286
paper_6010,15287
paper_6011,15288
paper_6012,15289
paper_6013,15290
paper_6014,15291
paper_6015,15292
paper_6016,15293
paper_6017,15294
paper_6018,15295
paper_6019,15296
paper_602,15297
paper_6020,15298
paper_6021,15299
paper_6022,15300
paper_6023,15301
paper_6024,15302
paper_6025,15303
paper_6026,15304
paper_6027,15305
paper_6028,15306
paper_6029,15307
paper_603,15308
paper_6030,15309
paper_6031,15310
paper_6032,15311
paper_6033,15312
paper_6034,15313
paper_6035,15314
paper_6036,15315
paper_6037,15316
paper_6038,15317
paper_6039,15318
paper_604,15319
paper_6040,15320
paper_6041,15321
paper_6042,15322
paper_6043,15323
paper_6044,15324
paper_6045,15325
paper_6046,15326
paper_6047,15327
paper_6048,15328
paper_6049,15329
paper_605,15330
paper_6050,15331
paper_6051,15332
paper_6052,15333
paper_6053,15334
paper_6054,15335
paper_6055,15336
paper_6056,15337
paper_6057,15338
paper_6058,15339
paper_6059,15340
paper_606,15341
paper_6060,15342
paper_6061,15343
paper_6062,15344
paper_6063,15345
paper_6064,15346
paper_6065,15347
paper_6066,15348
paper_6067,15349
paper_6068,15350
paper_6069,15351
paper_607,15352
paper_6070,15353
paper_6071,15354
paper_6072,15355
paper_6073,15356
paper_6074,15357
paper_6075,15358
paper_6076,15359
paper_6077,15360
paper_6078,15361
paper_6079,15362
paper_608,15363
paper_6080,15364
paper_6081,15365
paper_6082,15366
paper_6083,15367
paper_6084,15368
paper_6085,15369
paper_6086,15370
paper_6087,15371
paper_6088,15372
paper_6089,15373
paper_609,15374
paper_6090,15375
paper_6091,15376
paper_6092,15377
paper_6093,15378
paper_6094,15379
paper_6095,15380
paper_6096,15381
paper_6097,15382
paper_6098,15383
paper_6099,15384
paper_61,15385
paper_610,15386
paper_6100,15387
paper_6101,15388
paper_6102,15389
paper_6103,15390
paper_6104,15391
paper_6105,15392
paper_6106,15393
paper_6107,15394
paper_6108,15395
paper_6109,15396
paper_611,15397
paper_6110,15398
paper_6111,15399
paper_6112,15400
paper_6113,15401
paper_6114,15402
paper_6115,15403
paper_6116,15404
paper_6117,15405
paper_6118,15406
paper_6119,15407
paper_612,15408
paper_6120,15409
paper_6121,15410
paper_6122,15411
paper_6123,15412
paper_6124,15413
paper_6125,15414
paper_6126,15415
paper_6127,15416
paper_6128,15417
paper_6129,15418
paper_613,15419
paper_6130,15420
paper_6131,15421
paper_6132,15422
paper_6133,15423
paper_6134,15424
paper_6135,15425
paper_6136,15426
paper_6137,15427
paper_6138,15428
paper_6139,15429
paper_614,15430
paper_6140,15431
paper_6141,15432
paper_6142,15433
paper_6143,15434
paper_6144,15435
paper_6145,15436
paper_6146,15437
paper_6147,15438
paper_6148,15439
paper_6149,15440
paper_615,15441
paper_6150,15442
paper_6151,15443
paper_6152,15444
paper_6153,15445
paper_6154,15446
paper_6155,15447
paper_6156,15448
paper_6157,15449
paper_6158,15450
paper_6159,15451
paper_616,15452
paper_6160,15453
paper_6161,15454
paper_6162,15455
paper_6163,15456
paper_6164,15457
paper_6165,15458
paper_6166,15459
paper_6167,15460
paper_6168,15461
paper_6169,15462
paper_617,15463
paper_6170,15464
paper_6171,15465
paper_6172,15466
paper_6173,15467
paper_6174,15468
paper_6175,15469
paper_6176,15470
paper_6177,15471
paper_6178,15472
paper_6179,15473
paper_618,15474
paper_6180,15475
paper_6181,15476
paper_6182,15477
paper_6183,15478
paper_6184,15479
paper_6185,15480
paper_6186,15481
paper_6187,15482
paper_6188,15483
paper_6189,15484
paper_619,15485
paper_6190,15486
paper_6191,15487
paper_6192,15488
paper_6193,15489
paper_6194,15490
paper_6195,15491
paper_6196,15492
paper_6197,15493
paper_6198,15494
paper_6199,15495
paper_62,15496
paper_620,15497
paper_6200,15498
paper_6201,15499
paper_6202,15500
paper_6203,15501
paper_6204,15502
paper_6205,15503
paper_6206,15504
paper_6207,15505
paper_6208,15506
paper_6209,15507
paper_621,15508
paper_6210,15509
paper_6211,15510
paper_6212,15511
paper_6213,15512
paper_6214,15513
paper_6215,15514
paper_6216,15515
paper_6217,15516
paper_6218,15517
paper_6219,15518
paper_622,15519
paper_6220,15520
paper_6221,15521
paper_6222,15522
paper_6223,15523
paper_6224,15524
paper_6225,15525
paper_6226,15526
paper_6227,15527
paper_6228,15528
paper_6229,15529
paper_623,15530
paper_6230,15531
paper_6231,15532
paper_6232,15533
paper_6233,15534
paper_6234,15535
paper_6235,15536
paper_6236,15537
paper_6237,15538
paper_6238,15539
paper_6239,15540
paper_624,15541
paper_6240,15542
paper_6241,15543
paper_6242,15544
paper_6243,15545
paper_6244,15546
paper_6245,15547
paper_6246,15548
paper_6247,15549
paper_6248,15550
paper_6249,15551
paper_625,15552
paper_6250,15553
paper_6251,15554
paper_6252,15555
paper_6253,15556
paper_6254,15557
paper_6255,15558
paper_6256,15559
paper_6257,15560
paper_6258,15561
paper_6259,15562
paper_626,15563
paper_6260,15564
paper_6261,15565
paper_6262,15566
paper_6263,15567
paper_6264,15568
paper_6265,15569
paper_6266,15570
paper_6267,15571
paper_6268,15572
paper_6269,15573
paper_627,15574
paper_6270,15575
paper_6271,15576
paper_6272,15577
paper_6273,15578
paper_6274,15579
paper_6275,15580
paper_6276,15581
paper_6277,15582
paper_6278,15583
paper_6279,15584
paper_628,15585
paper_6280,15586
paper_6281,15587
paper_6282,15588
paper_6283,15589
paper_6284,15590
paper_6285,15591
paper_6286,15592
paper_6287,15593
paper_6288,15594
paper_6289,15595
paper_629,15596
paper_6290,15597
paper_6291,15598
paper_6292,15599
paper_6293,15600
paper_6294,15601
paper_6295,15602
paper_6296,15603
paper_6297,15604
paper_6298,15605
paper_6299,15606
paper_63,15607
paper_630,15608
paper_6300,15609
paper_6301,15610
paper_6302,15611
paper_6303,15612
paper_6304,15613
paper_6305,15614
paper_6306,15615
paper_6307,15616
paper_6308,15617
paper_6309,15618
paper_631,15619
paper_6310,15620
paper_6311,15621
paper_6312,15622
paper_6313,15623
paper_6314,15624
paper_6315,15625
paper_6316,15626
paper_6317,15627
paper_6318,15628
paper_6319,15629
paper_632,15630
paper_6320,15631
paper_6321,15632
paper_6322,15633
paper_6323,15634
paper_6324,15635
paper_6325,15636
paper_6326,15637
paper_6327,15638
paper_6328,15639
paper_6329,15640
paper_633,15641
paper_6330,15642
paper_6331,15643
paper_6332,15644
paper_6333,15645
paper_6334,15646
paper_6335,15647
paper_6336,15648
paper_6337,15649
paper_6338,15650
paper_6339,15651
paper_634,15652
paper_6340,15653
paper_6341,15654
paper_6342,15655
paper_6343,15656
paper_6344,15657
paper_6345,15658
paper_6346,15659
paper_6347,15660
paper_6348,15661
paper_6349,15662
paper_635,15663
paper_6350,15664
paper_6351,15665
paper_6352,15666
paper_6353,15667
paper_6354,15668
paper_6355,15669
paper_6356,15670
paper_6357,15671
paper_6358,15672
paper_6359,15673
paper_636,15674
paper_6360,15675
paper_6361,15676
paper_6362,15677
paper_6363,15678
paper_6364,15679
paper_6365,15680
paper_6366,15681
paper_6367,15682
paper_6368,15683
paper_6369,15684
paper_637,15685
paper_6370,15686
paper_6371,15687
paper_6372,15688
paper_6373,15689
paper_6374,15690
paper_6375,15691
paper_6376,15692
paper_6377,15693
paper_6378,15694
paper_6379,15695
paper_638,15696
paper_6380,15697
paper_6381,15698
paper_6382,15699
paper_6383,15700
paper_6384,15701
paper_6385,15702
paper_6386,15703
paper_6387,15704
paper_6388,15705
paper_6389,15706
paper_639,15707
paper_6390,15708
paper_6391,15709
paper_6392,15710
paper_6393,15711
paper_6394,15712
paper_6395,15713
paper_6396,15714
paper_6397,15715
paper_6398,15716
paper_6399,15717
paper_64,15718
paper_640,15719
paper_6400,15720
paper_6401,15721
paper_6402,15722
paper_6403,15723
paper_6404,15724
paper_6405,15725
paper_6406,15726
paper_6407,15727
paper_6408,15728
paper_6409,15729
paper_641,15730
paper_6410,15731
paper_6411,15732
paper_6412,15733
paper_6413,15734
paper_6414,15735
paper_6415,15736
paper_6416,15737
paper_6417,15738
paper_6418,15739
paper_6419,15740
paper_642,15741
paper_6420,15742
paper_6421,15743
paper_6422,15744
paper_6423,15745
paper_6424,15746
paper_6425,15747
paper_6426,15748
paper_6427,15749
paper_6428,15750
paper_6429,15751
paper_643,15752
paper_6430,15753
paper_6431,15754
paper_6432,15755
paper_6433,15756
paper_6434,15757
paper_6435,15758
paper_6436,15759
paper_6437,15760
paper_6438,15761
paper_6439,15762
paper_644,15763
paper_6440,15764
paper_6441,15765
paper_6442,15766
paper_6443,15767
paper_6444,15768
paper_6445,15769
paper_6446,15770
paper_6447,15771
paper_6448,15772
paper_6449,15773
paper_645,15774
paper_6450,15775
paper_6451,15776
paper_6452,15777
paper_6453,15778
paper_6454,15779
paper_6455,15780
paper_6456,15781
paper_6457,15782
paper_6458,15783
paper_6459,15784
paper_646,15785
paper_6460,15786
paper_6461,15787
paper_6462,15788
paper_6463,15789
paper_6464,15790
paper_6465,15791
paper_6466,15792
paper_6467,15793
paper_6468,15794
paper_6469,15795
paper_647,15796
paper_6470,15797
paper_6471,15798
paper_6472,15799
paper_6473,15800
paper_6474,15801
paper_6475,15802
paper_6476,15803
paper_6477,15804
paper_6478,15805
paper_6479,15806
paper_648,15807
paper_6480,15808
paper_6481,15809
paper_6482,15810
paper_6483,15811
paper_6484,15812
paper_6485,15813
paper_6486,15814
paper_6487,15815
paper_6488,15816
paper_6489,15817
paper_649,15818
paper_6490,15819
paper_6491,15820
paper_6492,15821
paper_6493,15822
paper_6494,15823
paper_6495,15824
paper_6496,15825
paper_6497,15826
paper_6498,15827
paper_6499,15828
paper_65,15829
paper_650,15830
paper_6500,15831
paper_6501,15832
paper_6502,15833
paper_6503,15834
paper_6504,15835
paper_6505,15836
paper_6506,15837
paper_6507,15838
paper_6508,15839
paper_6509,15840
paper_651,15841
paper_6510,15842
paper_6511,15843
paper_6512,15844
paper_6513,15845
paper_6514,15846
paper_6515,15847
paper_6516,15848
paper_6517,15849
paper_6518,15850
paper_6519,15851
paper_652,15852
paper_6520,15853
paper_6521,15854
paper_6522,15855
paper_6523,15856
paper_6524,15857
paper_6525,15858
paper_6526,15859
paper_6527,15860
paper_6528,15861
paper_6529,15862
paper_653,15863
paper_6530,15864
paper_6531,15865
paper_6532,15866
paper_6533,15867
paper_6534,15868
paper_6535,15869
paper_6536,15870
paper_6537,15871
paper_6538,15872
paper_6539,15873
paper_654,15874
paper_6540,15875
paper_6541,15876
paper_6542,15877
paper_6543,15878
paper_6544,15879
paper_6545,15880
paper_6546,15881
paper_6547,15882
paper_6548,15883
paper_6549,15884
paper_655,15885
paper_6550,15886
paper_6551,15887
paper_6552,15888
paper_6553,15889
paper_6554,15890
paper_6555,15891
paper_6556,15892
paper_6557,15893
paper_6558,15894
paper_6559,15895
paper_656,15896
paper_6560,15897
paper_6561,15898
paper_6562,15899
paper_6563,15900
paper_6564,15901
paper_6565,15902
paper_6566,15903
paper_6567,15904
paper_6568,15905
paper_6569,15906
paper_657,15907
paper_6570,15908
paper_6571,15909
paper_6572,15910
paper_6573,15911
paper_6574,15912
paper_6575,15913
paper_6576,15914
paper_6577,15915
paper_6578,15916
paper_6579,15917
paper_658,15918
paper_6580,15919
paper_6581,15920
paper_6582,15921
paper_6583,15922
paper_6584,15923
paper_6585,15924
paper_6586,15925
paper_6587,15926
paper_6588,15927
paper_6589,15928
paper_659,15929
paper_6590,15930
paper_6591,15931
paper_6592,15932
paper_6593,15933
paper_6594,15934
paper_6595,15935
paper_6596,15936
paper_6597,15937
paper_6598,15938
paper_6599,15939
paper_66,15940
paper_660,15941
paper_6600,15942
paper_6601,15943
paper_6602,15944
paper_6603,15945
paper_6604,15946
paper_6605,15947
paper_6606,15948
paper_6607,15949
paper_6608,15950
paper_6609,15951
paper_661,15952
paper_6610,15953
paper_6611,15954
paper_6612,15955
paper_6613,15956
paper_6614,15957
paper_6615,15958
paper_6616,15959
paper_6617,15960
paper_6618,15961
paper_6619,15962
paper_662,15963
paper_6620,15964
paper_6621,15965
paper_6622,15966
paper_6623,15967
paper_6624,15968
paper_6625,15969
paper_6626,15970
paper_6627,15971
paper_6628,15972
paper_6629,15973
paper_663,15974
paper_6630,15975
paper_6631,15976
paper_6632,15977
paper_6633,15978
paper_6634,15979
paper_6635,15980
paper_6636,15981
paper_6637,15982
paper_6638,15983
paper_6639,15984
paper_664,15985
paper_6640,15986
paper_6641,15987
paper_6642,15988
paper_6643,15989
paper_6644,15990
paper_6645,15991
paper_6646,15992
paper_6647,15993
paper_6648,15994
paper_6649,15995
paper_665,15996
paper_6650,15997
paper_6651,15998
paper_6652,15999
paper_6653,16000
paper_6654,16001
paper_6655,16002
paper_6656,16003
paper_6657,16004
paper_6658,16005
paper_6659,16006
paper_666,16007
paper_6660,16008
paper_6661,16009
paper_6662,16010
paper_6663,16011
paper_6664,16012
paper_6665,16013
paper_6666,16014
paper_6667,16015
paper_6668,16016
paper_6669,16017
paper_667,16018
paper_6670,16019
paper_6671,16020
paper_6672,16021
paper_6673,16022
paper_6674,16023
paper_6675,16024
paper_6676,16025
paper_6677,16026
paper_6678,16027
paper_6679,16028
paper_668,16029
paper_6680,16030
paper_6681,16031
paper_6682,16032
paper_6683,16033
paper_6684,16034
paper_6685,16035
paper_6686,16036
paper_6687,16037
paper_6688,16038
paper_6689,16039
paper_669,16040
paper_6690,16041
paper_6691,16042
paper_6692,16043
paper_6693,16044
paper_6694,16045
paper_6695,16046
paper_6696,16047
paper_6697,16048
paper_6698,16049
paper_6699,16050
paper_67,16051
paper_670,16052
paper_6700,16053
paper_6701,16054
paper_6702,16055
paper_6703,16056
paper_6704,16057
paper_6705,16058
paper_6706,16059
paper_6707,16060
paper_6708,16061
paper_6709,16062
paper_671,16063
paper_6710,16064
paper_6711,16065
paper_6712,16066
paper_6713,16067
paper_6714,16068
paper_6715,16069
paper_6716,16070
paper_6717,16071
paper_6718,16072
paper_6719,16073
paper_672,16074
paper_6720,16075
paper_6721,16076
paper_6722,16077
paper_6723,16078
paper_6724,16079
paper_6725,16080
paper_6726,16081
paper_6727,16082
paper_6728,16083
paper_6729,16084
paper_673,16085
paper_6730,16086
paper_6731,16087
paper_6732,16088
paper_6733,16089
paper_6734,16090
paper_6735,16091
paper_6736,16092
paper_6737,16093
paper_6738,16094
paper_6739,16095
paper_674,16096
paper_6740,16097
paper_6741,16098
paper_6742,16099
paper_6743,16100
paper_6744,16101
paper_6745,16102
paper_6746,16103
paper_6747,16104
paper_6748,16105
paper_6749,16106
paper_675,16107
paper_6750,16108
paper_6751,16109
paper_6752,16110
paper_6753,16111
paper_6754,16112
paper_6755,16113
paper_6756,16114
paper_6757,16115
paper_6758,16116
paper_6759,16117
paper_676,16118
paper_6760,16119
paper_6761,16120
paper_6762,16121
paper_6763,16122
paper_6764,16123
paper_6765,16124
paper_6766,16125
paper_6767,16126
paper_6768,16127
paper_6769,16128
paper_677,16129
paper_6770,16130
paper_6771,16131
paper_6772,16132
paper_6773,16133
paper_6774,16134
paper_6775,16135
paper_6776,16136
paper_6777,16137
paper_6778,16138
paper_6779,16139
paper_678,16140
paper_6780,16141
paper_6781,16142
paper_6782,16143
paper_6783,16144
paper_6784,16145
paper_6785,16146
paper_6786,16147
paper_6787,16148
paper_6788,16149
paper_6789,16150
paper_679,16151
paper_6790,16152
paper_6791,16153
paper_6792,16154
paper_6793,16155
paper_6794,16156
paper_6795,16157
paper_6796,16158
paper_6797,16159
paper_6798,16160
paper_6799,16161
paper_68,16162
paper_680,16163
paper_6800,16164
paper_6801,16165
paper_6802,16166
paper_6803,16167
paper_6804,16168
paper_6805,16169
paper_6806,16170
paper_6807,16171
paper_6808,16172
paper_6809,16173
paper_681,16174
paper_6810,16175
paper_6811,16176
paper_6812,16177
paper_6813,16178
paper_6814,16179
paper_6815,16180
paper_6816,16181
paper_6817,16182
paper_6818,16183
paper_6819,16184
paper_682,16185
paper_6820,16186
paper_6821,16187
paper_6822,16188
paper_6823,16189
paper_6824,16190
paper_6825,16191
paper_6826,16192
paper_6827,16193
paper_6828,16194
paper_6829,16195
paper_683,16196
paper_6830,16197
paper_6831,16198
paper_6832,16199
paper_6833,16200
paper_6834,16201
paper_6835,16202
paper_6836,16203
paper_6837,16204
paper_6838,16205
paper_6839,16206
paper_684,16207
paper_6840,16208
paper_6841,16209
paper_6842,16210
paper_6843,16211
paper_6844,16212
paper_6845,16213
paper_6846,16214
paper_6847,16215
paper_6848,16216
paper_6849,16217
paper_685,16218
paper_6850,16219
paper_6851,16220
paper_6852,16221
paper_6853,16222
paper_6854,16223
paper_6855,16224
paper_6856,16225
paper_6857,16226
paper_6858,16227
paper_6859,16228
paper_686,16229
paper_6860,16230
paper_6861,16231
paper_6862,16232
paper_6863,16233
paper_6864,16234
paper_6865,16235
paper_6866,16236
paper_6867,16237
paper_6868,16238
paper_6869,16239
paper_687,16240
paper_6870,16241
paper_6871,16242
paper_6872,16243
paper_6873,16244
paper_6874,16245
paper_6875,16246
paper_6876,16247
paper_6877,16248
paper_6878,16249
paper_6879,16250
paper_688,16251
paper_6880,16252
paper_6881,16253
paper_6882,16254
paper_6883,16255
paper_6884,16256
paper_6885,16257
paper_6886,16258
paper_6887,16259
paper_6888,16260
paper_6889,16261
paper_689,16262
paper_6890,16263
paper_6891,16264
paper_6892,16265
paper_6893,16266
paper_6894,16267
paper_6895,16268
paper_6896,16269
paper_6897,16270
paper_6898,16271
paper_6899,16272
paper_69,16273
paper_690,16274
paper_6900,16275
paper_6901,16276
paper_6902,16277
paper_6903,16278
paper_6904,16279
paper_6905,16280
paper_6906,16281
paper_6907,16282
paper_6908,16283
paper_6909,16284
paper_691,16285
paper_6910,16286
paper_6911,16287
paper_6912,16288
paper_6913,16289
paper_6914,16290
paper_6915,16291
paper_6916,16292
paper_6917,16293
paper_6918,16294
paper_6919,16295
paper_692,16296
paper_6920,16297
paper_6921,16298
paper_6922,16299
paper_6923,16300
paper_6924,16301
paper_6925,16302
paper_6926,16303
paper_6927,16304
paper_6928,16305
paper_6929,16306
paper_693,16307
paper_6930,16308
paper_6931,16309
paper_6932,16310
paper_6933,16311
paper_6934,16312
paper_6935,16313
paper_6936,16314
paper_6937,16315
paper_6938,16316
paper_6939,16317
paper_694,16318
paper_6940,16319
paper_6941,16320
paper_6942,16321
paper_6943,16322
paper_6944,16323
paper_6945,16324
paper_6946,16325
paper_6947,16326
paper_6948,16327
paper_6949,16328
paper_695,16329
paper_6950,16330
paper_6951,16331
paper_6952,16332
paper_6953,16333
paper_6954,16334
paper_6955,16335
paper_6956,16336
paper_6957,16337
paper_6958,16338
paper_6959,16339
paper_696,16340
paper_6960,16341
paper_6961,16342
paper_6962,16343
paper_6963,16344
paper_6964,16345
paper_6965,16346
paper_6966,16347
paper_6967,16348
paper_6968,16349
paper_6969,16350
paper_697,16351
paper_6970,16352
paper_6971,16353
paper_6972,16354
paper_6973,16355
paper_6974,16356
paper_6975,16357
paper_6976,16358
paper_6977,16359
paper_6978,16360
paper_6979,16361
paper_698,16362
paper_6980,16363
paper_6981,16364
paper_6982,16365
paper_6983,16366
paper_6984,16367
paper_6985,16368
paper_6986,16369
paper_6987,16370
paper_6988,16371
paper_6989,16372
paper_699,16373
paper_6990,16374
paper_6991,16375
paper_6992,16376
paper_6993,16377
paper_6994,16378
paper_6995,16379
paper_6996,16380
paper_6997,16381
paper_6998,16382
paper_6999,16383
paper_7,16384
paper_70,16385
paper_700,16386
paper_7000,16387
paper_7001,16388
paper_7002,16389
paper_7003,16390
paper_7004,16391
paper_7005,16392
paper_7006,16393
paper_7007,16394
paper_7008,16395
paper_7009,16396
paper_701,16397
paper_7010,16398
paper_7011,16399
paper_7012,16400
paper_7013,16401
paper_7014,16402
paper_7015,16403
paper_7016,16404
paper_7017,16405
paper_7018,16406
paper_7019,16407
paper_702,16408
paper_7020,16409
paper_7021,16410
paper_7022,16411
paper_7023,16412
paper_7024,16413
paper_7025,16414
paper_7026,16415
paper_7027,16416
paper_7028,16417
paper_7029,16418
paper_703,16419
paper_7030,16420
paper_7031,16421
paper_7032,16422
paper_7033,16423
paper_7034,16424
paper_7035,16425
paper_7036,16426
paper_7037,16427
paper_7038,16428
paper_7039,16429
paper_704,16430
paper_7040,16431
paper_7041,16432
paper_7042,16433
paper_7043,16434
paper_7044,16435
paper_7045,16436
paper_7046,16437
paper_7047,16438
paper_7048,16439
paper_7049,16440
paper_705,16441
paper_7050,16442
paper_7051,16443
paper_7052,16444
paper_7053,16445
paper_7054,16446
paper_7055,16447
paper_7056,16448
paper_7057,16449
paper_7058,16450
paper_7059,16451
paper_706,16452
paper_7060,16453
paper_7061,16454
paper_7062,16455
paper_7063,16456
paper_7064,16457
paper_7065,16458
paper_7066,16459
paper_7067,16460
paper_7068,16461
paper_7069,16462
paper_707,16463
paper_7070,16464
paper_7071,16465
paper_7072,16466
paper_7073,16467
paper_7074,16468
paper_7075,16469
paper_7076,16470
paper_7077,16471
paper_7078,16472
paper_7079,16473
paper_708,16474
paper_7080,16475
paper_7081,16476
paper_7082,16477
paper_7083,16478
paper_7084,16479
paper_7085,16480
paper_7086,16481
paper_7087,16482
paper_7088,16483
paper_7089,16484
paper_709,16485
paper_7090,16486
paper_7091,16487
paper_7092,16488
paper_7093,16489
paper_7094,16490
paper_7095,16491
paper_7096,16492
paper_7097,16493
paper_7098,16494
paper_7099,16495
paper_71,16496
paper_710,16497
paper_7100,16498
paper_7101,16499
paper_7102,16500
paper_7103,16501
paper_7104,16502
paper_7105,16503
paper_7106,16504
paper_7107,16505
paper_7108,16506
paper_7109,16507
paper_711,16508
paper_7110,16509
paper_7111,16510
paper_7112,16511
paper_7113,16512
paper_7114,16513
paper_7115,16514
paper_7116,16515
paper_7117,16516
paper_7118,16517
paper_7119,16518
paper_712,16519
paper_7120,16520
paper_7121,16521
paper_7122,16522
paper_7123,16523
paper_7124,16524
paper_7125,16525
paper_7126,16526
paper_7127,16527
paper_7128,16528
paper_7129,16529
paper_713,16530
paper_7130,16531
paper_7131,16532
paper_7132,16533
paper_7133,16534
paper_7134,16535
paper_7135,16536
paper_7136,16537
paper_7137,16538
paper_7138,16539
paper_7139,16540
paper_714,16541
paper_7140,16542
paper_7141,16543
paper_7142,16544
paper_7143,16545
paper_7144,16546
paper_7145,16547
paper_7146,16548
paper_7147,16549
paper_7148,16550
paper_7149,16551
paper_715,16552
paper_7150,16553
paper_7151,16554
paper_7152,16555
paper_7153,16556
paper_7154,16557
paper_7155,16558
paper_7156,16559
paper_7157,16560
paper_7158,16561
paper_7159,16562
paper_716,16563
paper_7160,16564
paper_7161,16565
paper_7162,16566
paper_7163,16567
paper_7164,16568
paper_7165,16569
paper_7166,16570
paper_7167,16571
paper_7168,16572
paper_7169,16573
paper_717,16574
paper_7170,16575
paper_7171,16576
paper_7172,16577
paper_7173,16578
paper_7174,16579
paper_7175,16580
paper_7176,16581
paper_7177,16582
paper_7178,16583
paper_7179,16584
paper_718,16585
paper_7180,16586
paper_7181,16587
paper_7182,16588
paper_7183,16589
paper_7184,16590
paper_7185,16591
paper_7186,16592
paper_7187,16593
paper_7188,16594
paper_7189,16595
paper_719,16596
paper_7190,16597
paper_7191,16598
paper_7192,16599
paper_7193,16600
paper_7194,16601
paper_7195,16602
paper_7196,16603
paper_7197,16604
paper_7198,16605
paper_7199,16606
paper_72,16607
paper_720,16608
paper_7200,16609
paper_7201,16610
paper_7202,16611
paper_7203,16612
paper_7204,16613
paper_7205,16614
paper_7206,16615
paper_7207,16616
paper_7208,16617
paper_7209,16618
paper_721,16619
paper_7210,16620
paper_7211,16621
paper_7212,16622
paper_7213,16623
paper_7214,16624
paper_7215,16625
paper_7216,16626
paper_7217,16627
paper_7218,16628
paper_7219,16629
paper_722,16630
paper_7220,16631
paper_7221,16632
paper_7222,16633
paper_7223,16634
paper_7224,16635
paper_7225,16636
paper_7226,16637
paper_7227,16638
paper_7228,16639
paper_7229,16640
paper_723,16641
paper_7230,16642
paper_7231,16643
paper_7232,16644
paper_7233,16645
paper_7234,16646
paper_7235,16647
paper_7236,16648
paper_7237,16649
paper_7238,16650
paper_7239,16651
paper_724,16652
paper_7240,16653
paper_7241,16654
paper_7242,16655
paper_7243,16656
paper_7244,16657
paper_7245,16658
paper_7246,16659
paper_7247,16660
paper_7248,16661
paper_7249,16662
paper_725,16663
paper_7250,16664
paper_7251,16665
paper_7252,16666
paper_7253,16667
paper_7254,16668
paper_7255,16669
paper_7256,16670
paper_7257,16671
paper_7258,16672
paper_7259,16673
paper_726,16674
paper_7260,16675
paper_7261,16676
paper_7262,16677
paper_7263,16678
paper_7264,16679
paper_7265,16680
paper_7266,16681
paper_7267,16682
paper_7268,16683
paper_7269,16684
paper_727,16685
paper_7270,16686
paper_7271,16687
paper_7272,16688
paper_7273,16689
paper_7274,16690
paper_7275,16691
paper_7276,16692
paper_7277,16693
paper_7278,16694
paper_7279,16695
paper_728,16696
paper_7280,16697
paper_7281,16698
paper_7282,16699
paper_7283,16700
paper_7284,16701
paper_7285,16702
paper_7286,16703
paper_7287,16704
paper_7288,16705
paper_7289,16706
paper_729,16707
paper_7290,16708
paper_7291,16709
paper_7292,16710
paper_7293,16711
paper_7294,16712
paper_7295,16713
paper_7296,16714
paper_7297,16715
paper_7298,16716
paper_7299,16717
paper_73,16718
paper_730,16719
paper_7300,16720
paper_7301,16721
paper_7302,16722
paper_7303,16723
paper_7304,16724
paper_7305,16725
paper_7306,16726
paper_7307,16727
paper_7308,16728
paper_7309,16729
paper_731,16730
paper_7310,16731
paper_7311,16732
paper_7312,16733
paper_7313,16734
paper_7314,16735
paper_7315,16736
paper_7316,16737
paper_7317,16738
paper_7318,16739
paper_7319,16740
paper_732,16741
paper_7320,16742
paper_7321,16743
paper_7322,16744
paper_7323,16745
paper_7324,16746
paper_7325,16747
paper_7326,16748
paper_7327,16749
paper_7328,16750
paper_7329,16751
paper_733,16752
paper_7330,16753
paper_7331,16754
paper_7332,16755
paper_7333,16756
paper_7334,16757
paper_7335,16758
paper_7336,16759
paper_7337,16760
paper_7338,16761
paper_7339,16762
paper_734,16763
paper_7340,16764
paper_7341,16765
paper_7342,16766
paper_7343,16767
paper_7344,16768
paper_7345,16769
paper_7346,16770
paper_7347,16771
paper_7348,16772
paper_7349,16773
paper_735,16774
paper_7350,16775
paper_7351,16776
paper_7352,16777
paper_7353,16778
paper_7354,16779
paper_7355,16780
paper_7356,16781
paper_7357,16782
paper_7358,16783
paper_7359,16784
paper_736,16785
paper_7360,16786
paper_7361,16787
paper_7362,16788
paper_7363,16789
paper_7364,16790
paper_7365,16791
paper_7366,16792
paper_7367,16793
paper_7368,16794
paper_7369,16795
paper_737,16796
paper_7370,16797
paper_7371,16798
paper_7372,16799
paper_7373,16800
paper_7374,16801
paper_7375,16802
paper_7376,16803
paper_7377,16804
paper_7378,16805
paper_7379,16806
paper_738,16807
paper_7380,16808
paper_7381,16809
paper_7382,16810
paper_7383,16811
paper_7384,16812
paper_7385,16813
paper_7386,16814
paper_7387,16815
paper_7388,16816
paper_7389,16817
paper_739,16818
paper_7390,16819
paper_7391,16820
paper_7392,16821
paper_7393,16822
paper_7394,16823
paper_7395,16824
paper_7396,16825
paper_7397,16826
paper_7398,16827
paper_7399,16828
paper_74,16829
paper_740,16830
paper_7400,16831
paper_7401,16832
paper_7402,16833
paper_7403,16834
paper_7404,16835
paper_7405,16836
paper_7406,16837
paper_7407,16838
paper_7408,16839
paper_7409,16840
paper_741,16841
paper_7410,16842
paper_7411,16843
paper_7412,16844
paper_7413,16845
paper_7414,16846
paper_7415,16847
paper_7416,16848
paper_7417,16849
paper_7418,16850
paper_7419,16851
paper_742,16852
paper_7420,16853
paper_7421,16854
paper_7422,16855
paper_7423,16856
paper_7424,16857
paper_7425,16858
paper_7426,16859
paper_7427,16860
paper_7428,16861
paper_7429,16862
paper_743,16863
paper_7430,16864
paper_7431,16865
paper_7432,16866
paper_7433,16867
paper_7434,16868
paper_7435,16869
paper_7436,16870
paper_7437,16871
paper_7438,16872
paper_7439,16873
paper_744,16874
paper_7440,16875
paper_7441,16876
paper_7442,16877
paper_7443,16878
paper_7444,16879
paper_7445,16880
paper_7446,16881
paper_7447,16882
paper_7448,16883
paper_7449,16884
paper_745,16885
paper_7450,16886
paper_7451,16887
paper_7452,16888
paper_7453,16889
paper_7454,16890
paper_7455,16891
paper_7456,16892
paper_7457,16893
paper_7458,16894
paper_7459,16895
paper_746,16896
paper_7460,16897
paper_7461,16898
paper_7462,16899
paper_7463,16900
paper_7464,16901
paper_7465,16902
paper_7466,16903
paper_7467,16904
paper_7468,16905
paper_7469,16906
paper_747,16907
paper_7470,16908
paper_7471,16909
paper_7472,16910
paper_7473,16911
paper_7474,16912
paper_7475,16913
paper_7476,16914
paper_7477,16915
paper_7478,16916
paper_7479,16917
paper_748,16918
paper_7480,16919
paper_7481,16920
paper_7482,16921
paper_7483,16922
paper_7484,16923
paper_7485,16924
paper_7486,16925
paper_7487,16926
paper_7488,16927
paper_7489,16928
paper_749,16929
paper_7490,16930
paper_7491,16931
paper_7492,16932
paper_7493,16933
paper_7494,16934
paper_7495,16935
paper_7496,16936
paper_7497,16937
paper_7498,16938
paper_7499,16939
paper_75,16940
paper_750,16941
paper_7500,16942
paper_7501,16943
paper_7502,16944
paper_7503,16945
paper_7504,16946
paper_7505,16947
paper_7506,16948
paper_7507,16949
paper_7508,16950
paper_7509,16951
paper_751,16952
paper_7510,16953
paper_7511,16954
paper_7512,16955
paper_7513,16956
paper_7514,16957
paper_7515,16958
paper_7516,16959
paper_7517,16960
paper_7518,16961
paper_7519,16962
paper_752,16963
paper_7520,16964
paper_7521,16965
paper_7522,16966
paper_7523,16967
paper_7524,16968
paper_7525,16969
paper_7526,16970
paper_7527,16971
paper_7528,16972
paper_7529,16973
paper_753,16974
paper_7530,16975
paper_7531,16976
paper_7532,16977
paper_7533,16978
paper_7534,16979
paper_7535,16980
paper_7536,16981
paper_7537,16982
paper_7538,16983
paper_7539,16984
paper_754,16985
paper_7540,16986
paper_7541,16987
paper_7542,16988
paper_7543,16989
paper_7544,16990
paper_7545,16991
paper_7546,16992
paper_7547,16993
paper_7548,16994
paper_7549,16995
paper_755,16996
paper_7550,16997
paper_7551,16998
paper_7552,16999
paper_7553,17000
paper_7554,17001
paper_7555,17002
paper_7556,17003
paper_7557,17004
paper_7558,17005
paper_7559,17006
paper_756,17007
paper_7560,17008
paper_7561,17009
paper_7562,17010
paper_7563,17011
paper_7564,17012
paper_7565,17013
paper_7566,17014
paper_7567,17015
paper_7568,17016
paper_7569,17017
paper_757,17018
paper_7570,17019
paper_7571,17020
paper_7572,17021
paper_7573,17022
paper_7574,17023
paper_7575,17024
paper_7576,17025
paper_7577,17026
paper_7578,17027
paper_7579,17028
paper_758,17029
paper_7580,17030
paper_7581,17031
paper_7582,17032
paper_7583,17033
paper_7584,17034
paper_7585,17035
paper_7586,17036
paper_7587,17037
paper_7588,17038
paper_7589,17039
paper_759,17040
paper_7590,17041
paper_7591,17042
paper_7592,17043
paper_7593,17044
paper_7594,17045
paper_7595,17046
paper_7596,17047
paper_7597,17048
paper_7598,17049
paper_7599,17050
paper_76,17051
paper_760,17052
paper_7600,17053
paper_7601,17054
paper_7602,17055
paper_7603,17056
paper_7604,17057
paper_7605,17058
paper_7606,17059
paper_7607,17060
paper_7608,17061
paper_7609,17062
paper_761,17063
paper_7610,17064
paper_7611,17065
paper_7612,17066
paper_7613,17067
paper_7614,17068
paper_7615,17069
paper_7616,17070
paper_7617,17071
paper_7618,17072
paper_7619,17073
paper_762,17074
paper_7620,17075
paper_7621,17076
paper_7622,17077
paper_7623,17078
paper_7624,17079
paper_7625,17080
paper_7626,17081
paper_7627,17082
paper_7628,17083
paper_7629,17084
paper_763,17085
paper_7630,17086
paper_7631,17087
paper_7632,17088
paper_7633,17089
paper_7634,17090
paper_7635,17091
paper_7636,17092
paper_7637,17093
paper_7638,17094
paper_7639,17095
paper_764,17096
paper_7640,17097
paper_7641,17098
paper_7642,17099
paper_7643,17100
paper_7644,17101
paper_7645,17102
paper_7646,17103
paper_7647,17104
paper_7648,17105
paper_7649,17106
paper_765,17107
paper_7650,17108
paper_7651,17109
paper_7652,17110
paper_7653,17111
paper_7654,17112
paper_7655,17113
paper_7656,17114
paper_7657,17115
paper_7658,17116
paper_7659,17117
paper_766,17118
paper_7660,17119
paper_7661,17120
paper_7662,17121
paper_7663,17122
paper_7664,17123
paper_7665,17124
paper_7666,17125
paper_7667,17126
paper_7668,17127
paper_7669,17128
paper_767,17129
paper_7670,17130
paper_7671,17131
paper_7672,17132
paper_7673,17133
paper_7674,17134
paper_7675,17135
paper_7676,17136
paper_7677,17137
paper_7678,17138
paper_7679,17139
paper_768,17140
paper_7680,17141
paper_7681,17142
paper_7682,17143
paper_7683,17144
paper_7684,17145
paper_7685,17146
paper_7686,17147
paper_7687,17148
paper_7688,17149
paper_7689,17150
paper_769,17151
paper_7690,17152
paper_7691,17153
paper_7692,17154
paper_7693,17155
paper_7694,17156
paper_7695,17157
paper_7696,17158
paper_7697,17159
paper_7698,17160
paper_7699,17161
paper_77,17162
paper_770,17163
paper_7700,17164
paper_7701,17165
paper_7702,17166
paper_7703,17167
paper_7704,17168
paper_7705,17169
paper_7706,17170
paper_7707,17171
paper_7708,17172
paper_7709,17173
paper_771,17174
paper_7710,17175
paper_7711,17176
paper_7712,17177
paper_7713,17178
paper_7714,17179
paper_7715,17180
paper_7716,17181
paper_7717,17182
paper_7718,17183
paper_7719,17184
paper_772,17185
paper_7720,17186
paper_7721,17187
paper_7722,17188
paper_7723,17189
paper_7724,17190
paper_7725,17191
paper_7726,17192
paper_7727,17193
paper_7728,17194
paper_7729,17195
paper_773,17196
paper_7730,17197
paper_7731,17198
paper_7732,17199
paper_7733,17200
paper_7734,17201
paper_7735,17202
paper_7736,17203
paper_7737,17204
paper_7738,17205
paper_7739,17206
paper_774,17207
paper_7740,17208
paper_7741,17209
paper_7742,17210
paper_7743,17211
paper_7744,17212
paper_7745,17213
paper_7746,17214
paper_7747,17215
paper_7748,17216
paper_7749,17217
paper_775,17218
paper_7750,17219
paper_7751,17220
paper_7752,17221
paper_7753,17222
paper_7754,17223
paper_7755,17224
paper_7756,17225
paper_7757,17226
paper_7758,17227
paper_7759,17228
paper_776,17229
paper_7760,17230
paper_7761,17231
paper_7762,17232
paper_7763,17233
paper_7764,17234
paper_7765,17235
paper_7766,17236
paper_7767,17237
paper_7768,17238
paper_7769,17239
paper_777,17240
paper_7770,17241
paper_7771,17242
paper_7772,17243
paper_7773,17244
paper_7774,17245
paper_7775,17246
paper_7776,17247
paper_7777,17248
paper_7778,17249
paper_7779,17250
paper_778,17251
paper_7780,17252
paper_7781,17253
paper_7782,17254
paper_7783,17255
paper_7784,17256
paper_7785,17257
paper_7786,17258
paper_7787,17259
paper_7788,17260
paper_7789,17261
paper_779,17262
paper_7790,17263
paper_7791,17264
paper_7792,17265
paper_7793,17266
paper_7794,17267
paper_7795,17268
paper_7796,17269
paper_7797,17270
paper_7798,17271
paper_7799,17272
paper_78,17273
paper_780,17274
paper_7800,17275
paper_7801,17276
paper_7802,17277
paper_7803,17278
paper_7804,17279
paper_7805,17280
paper_7806,17281
paper_7807,17282
paper_7808,17283
paper_7809,17284
paper_781,17285
paper_7810,17286
paper_7811,17287
paper_7812,17288
paper_7813,17289
paper_7814,17290
paper_7815,17291
paper_7816,17292
paper_7817,17293
paper_7818,17294
paper_7819,17295
paper_782,17296
paper_7820,17297
paper_7821,17298
paper_7822,17299
paper_7823,17300
paper_7824,17301
paper_7825,17302
paper_7826,17303
paper_7827,17304
paper_7828,17305
paper_7829,17306
paper_783,17307
paper_7830,17308
paper_7831,17309
paper_7832,17310
paper_7833,17311
paper_7834,17312
paper_7835,17313
paper_7836,17314
paper_7837,17315
paper_7838,17316
paper_7839,17317
paper_784,17318
paper_7840,17319
paper_7841,17320
paper_7842,17321
paper_7843,17322
paper_7844,17323
paper_7845,17324
paper_7846,17325
paper_7847,17326
paper_7848,17327
paper_7849,17328
paper_785,17329
paper_7850,17330
paper_7851,17331
paper_7852,17332
paper_7853,17333
paper_7854,17334
paper_7855,17335
paper_7856,17336
paper_7857,17337
paper_7858,17338
paper_7859,17339
paper_786,17340
paper_7860,17341
paper_7861,17342
paper_7862,17343
paper_7863,17344
paper_7864,17345
paper_7865,17346
paper_7866,17347
paper_7867,17348
paper_7868,17349
paper_7869,17350
paper_787,17351
paper_7870,17352
paper_7871,17353
paper_7872,17354
paper_7873,17355
paper_7874,17356
paper_7875,17357
paper_7876,17358
paper_7877,17359
paper_7878,17360
paper_7879,17361
paper_788,17362
paper_7880,17363
paper_7881,17364
paper_7882,17365
paper_7883,17366
paper_7884,17367
paper_7885,17368
paper_7886,17369
paper_7887,17370
paper_7888,17371
paper_7889,17372
paper_789,17373
paper_7890,17374
paper_7891,17375
paper_7892,17376
paper_7893,17377
paper_7894,17378
paper_7895,17379
paper_7896,17380
paper_7897,17381
paper_7898,17382
paper_7899,17383
paper_79,17384
paper_790,17385
paper_7900,17386
paper_7901,17387
paper_7902,17388
paper_7903,17389
paper_7904,17390
paper_7905,17391
paper_7906,17392
paper_7907,17393
paper_7908,17394
paper_7909,17395
paper_791,17396
paper_7910,17397
paper_7911,17398
paper_7912,17399
paper_7913,17400
paper_7914,17401
paper_7915,17402
paper_7916,17403
paper_7917,17404
paper_7918,17405
paper_7919,17406
paper_792,17407
paper_7920,17408
paper_7921,17409
paper_7922,17410
paper_7923,17411
paper_7924,17412
paper_7925,17413
paper_7926,17414
paper_7927,17415
paper_7928,17416
paper_7929,17417
paper_793,17418
paper_7930,17419
paper_7931,17420
paper_7932,17421
paper_7933,17422
paper_7934,17423
paper_7935,17424
paper_7936,17425
paper_7937,17426
paper_7938,17427
paper_7939,17428
paper_794,17429
paper_7940,17430
paper_7941,17431
paper_7942,17432
paper_7943,17433
paper_7944,17434
paper_7945,17435
paper_7946,17436
paper_7947,17437
paper_7948,17438
paper_7949,17439
paper_795,17440
paper_7950,17441
paper_7951,17442
paper_7952,17443
paper_7953,17444
paper_7954,17445
paper_7955,17446
paper_7956,17447
paper_7957,17448
paper_7958,17449
paper_7959,17450
paper_796,17451
paper_7960,17452
paper_7961,17453
paper_7962,17454
paper_7963,17455
paper_7964,17456
paper_7965,17457
paper_7966,17458
paper_7967,17459
paper_7968,17460
paper_7969,17461
paper_797,17462
paper_7970,17463
paper_7971,17464
paper_7972,17465
paper_7973,17466
paper_7974,17467
paper_7975,17468
paper_7976,17469
paper_7977,17470
paper_7978,17471
paper_7979,17472
paper_798,17473
paper_7980,17474
paper_7981,17475
paper_7982,17476
paper_7983,17477
paper_7984,17478
paper_7985,17479
paper_7986,17480
paper_7987,17481
paper_7988,17482
paper_7989,17483
paper_799,17484
paper_7990,17485
paper_7991,17486
paper_7992,17487
paper_7993,17488
paper_7994,17489
paper_7995,17490
paper_7996,17491
paper_7997,17492
paper_7998,17493
paper_7999,17494
paper_8,17495
paper_80,17496
paper_800,17497
paper_8000,17498
paper_8001,17499
paper_8002,17500
paper_8003,17501
paper_8004,17502
paper_8005,17503
paper_8006,17504
paper_8007,17505
paper_8008,17506
paper_8009,17507
paper_801,17508
paper_8010,17509
paper_8011,17510
paper_8012,17511
paper_8013,17512
paper_8014,17513
paper_8015,17514
paper_8016,17515
paper_8017,17516
paper_8018,17517
paper_8019,17518
paper_802,17519
paper_8020,17520
paper_8021,17521
paper_8022,17522
paper_8023,17523
paper_8024,17524
paper_8025,17525
paper_8026,17526
paper_8027,17527
paper_8028,17528
paper_8029,17529
paper_803,17530
paper_8030,17531
paper_8031,17532
paper_8032,17533
paper_8033,17534
paper_8034,17535
paper_8035,17536
paper_8036,17537
paper_8037,17538
paper_8038,17539
paper_8039,17540
paper_804,17541
paper_8040,17542
paper_8041,17543
paper_8042,17544
paper_8043,17545
paper_8044,17546
paper_8045,17547
paper_8046,17548
paper_8047,17549
paper_8048,17550
paper_8049,17551
paper_805,17552
paper_8050,17553
paper_8051,17554
paper_8052,17555
paper_8053,17556
paper_8054,17557
paper_8055,17558
paper_8056,17559
paper_8057,17560
paper_8058,17561
paper_8059,17562
paper_806,17563
paper_8060,17564
paper_8061,17565
paper_8062,17566
paper_8063,17567
paper_8064,17568
paper_8065,17569
paper_8066,17570
paper_8067,17571
paper_8068,17572
paper_8069,17573
paper_807,17574
paper_8070,17575
paper_8071,17576
paper_8072,17577
paper_8073,17578
paper_8074,17579
paper_8075,17580
paper_8076,17581
paper_8077,17582
paper_8078,17583
paper_8079,17584
paper_808,17585
paper_8080,17586
paper_8081,17587
paper_8082,17588
paper_8083,17589
paper_8084,17590
paper_8085,17591
paper_8086,17592
paper_8087,17593
paper_8088,17594
paper_8089,17595
paper_809,17596
paper_8090,17597
paper_8091,17598
paper_8092,17599
paper_8093,17600
paper_8094,17601
paper_8095,17602
paper_8096,17603
paper_8097,17604
paper_8098,17605
paper_8099,17606
paper_81,17607
paper_810,17608
paper_8100,17609
paper_8101,17610
paper_8102,17611
paper_8103,17612
paper_8104,17613
paper_8105,17614
paper_8106,17615
paper_8107,17616
paper_8108,17617
paper_8109,17618
paper_811,17619
paper_8110,17620
paper_8111,17621
paper_8112,17622
paper_8113,17623
paper_8114,17624
paper_8115,17625
paper_8116,17626
paper_8117,17627
paper_8118,17628
paper_8119,17629
paper_812,17630
paper_8120,17631
paper_8121,17632
paper_8122,17633
paper_8123,17634
paper_8124,17635
paper_8125,17636
paper_8126,17637
paper_8127,17638
paper_8128,17639
paper_8129,17640
paper_813,17641
paper_8130,17642
paper_8131,17643
paper_8132,17644
paper_8133,17645
paper_8134,17646
paper_8135,17647
paper_8136,17648
paper_8137,17649
paper_8138,17650
paper_8139,17651
paper_814,17652
paper_8140,17653
paper_8141,17654
paper_8142,17655
paper_8143,17656
paper_8144,17657
paper_8145,17658
paper_8146,17659
paper_8147,17660
paper_8148,17661
paper_8149,17662
paper_815,17663
paper_8150,17664
paper_8151,17665
paper_8152,17666
paper_8153,17667
paper_8154,17668
paper_8155,17669
paper_8156,17670
paper_8157,17671
paper_8158,17672
paper_8159,17673
paper_816,17674
paper_8160,17675
paper_8161,17676
paper_8162,17677
paper_8163,17678
paper_8164,17679
paper_8165,17680
paper_8166,17681
paper_8167,17682
paper_8168,17683
paper_8169,17684
paper_817,17685
paper_8170,17686
paper_8171,17687
paper_8172,17688
paper_8173,17689
paper_8174,17690
paper_8175,17691
paper_8176,17692
paper_8177,17693
paper_8178,17694
paper_8179,17695
paper_818,17696
paper_8180,17697
paper_8181,17698
paper_8182,17699
paper_8183,17700
paper_8184,17701
paper_8185,17702
paper_8186,17703
paper_8187,17704
paper_8188,17705
paper_8189,17706
paper_819,17707
paper_8190,17708
paper_8191,17709
paper_8192,17710
paper_8193,17711
paper_8194,17712
paper_8195,17713
paper_8196,17714
paper_8197,17715
paper_8198,17716
paper_8199,17717
paper_82,17718
paper_820,17719
paper_8200,17720
paper_8201,17721
paper_8202,17722
paper_8203,17723
paper_8204,17724
paper_8205,17725
paper_8206,17726
paper_8207,17727
paper_8208,17728
paper_8209,17729
paper_821,17730
paper_8210,17731
paper_8211,17732
paper_8212,17733
paper_8213,17734
paper_8214,17735
paper_8215,17736
paper_8216,17737
paper_8217,17738
paper_8218,17739
paper_8219,17740
paper_822,17741
paper_8220,17742
paper_8221,17743
paper_8222,17744
paper_8223,17745
paper_8224,17746
paper_8225,17747
paper_8226,17748
paper_8227,17749
paper_8228,17750
paper_8229,17751
paper_823,17752
paper_8230,17753
paper_8231,17754
paper_8232,17755
paper_8233,17756
paper_8234,17757
paper_8235,17758
paper_8236,17759
paper_8237,17760
paper_8238,17761
paper_8239,17762
paper_824,17763
paper_8240,17764
paper_8241,17765
paper_8242,17766
paper_8243,17767
paper_8244,17768
paper_8245,17769
paper_8246,17770
paper_8247,17771
paper_8248,17772
paper_8249,17773
paper_825,17774
paper_8250,17775
paper_8251,17776
paper_8252,17777
paper_8253,17778
paper_8254,17779
paper_8255,17780
paper_8256,17781
paper_8257,17782
paper_8258,17783
paper_8259,17784
paper_826,17785
paper_8260,17786
paper_8261,17787
paper_8262,17788
paper_8263,17789
paper_8264,17790
paper_8265,17791
paper_8266,17792
paper_8267,17793
paper_8268,17794
paper_8269,17795
paper_827,17796
paper_8270,17797
paper_8271,17798
paper_8272,17799
paper_8273,17800
paper_8274,17801
paper_8275,17802
paper_8276,17803
paper_8277,17804
paper_8278,17805
paper_8279,17806
paper_828,17807
paper_8280,17808
paper_8281,17809
paper_8282,17810
paper_8283,17811
paper_8284,17812
paper_8285,17813
paper_8286,17814
paper_8287,17815
paper_8288,17816
paper_8289,17817
paper_829,17818
paper_8290,17819
paper_8291,17820
paper_8292,17821
paper_8293,17822
paper_8294,17823
paper_8295,17824
paper_8296,17825
paper_8297,17826
paper_8298,17827
paper_8299,17828
paper_83,17829
paper_830,17830
paper_8300,17831
paper_8301,17832
paper_8302,17833
paper_8303,17834
paper_8304,17835
paper_8305,17836
paper_8306,17837
paper_8307,17838
paper_8308,17839
paper_8309,17840
paper_831,17841
paper_8310,17842
paper_8311,17843
paper_8312,17844
paper_8313,17845
paper_8314,17846
paper_8315,17847
paper_8316,17848
paper_8317,17849
paper_8318,17850
paper_8319,17851
paper_832,17852
paper_8320,17853
paper_8321,17854
paper_8322,17855
paper_8323,17856
paper_8324,17857
paper_8325,17858
paper_8326,17859
paper_8327,17860
paper_8328,17861
paper_8329,17862
paper_833,17863
paper_8330,17864
paper_8331,17865
paper_8332,17866
paper_8333,17867
paper_8334,17868
paper_8335,17869
paper_8336,17870
paper_8337,17871
paper_8338,17872
paper_8339,17873
paper_834,17874
paper_8340,17875
paper_8341,17876
paper_8342,17877
paper_8343,17878
paper_8344,17879
paper_8345,17880
paper_8346,17881
paper_8347,17882
paper_8348,17883
paper_8349,17884
paper_835,17885
paper_8350,17886
paper_8351,17887
paper_8352,17888
paper_8353,17889
paper_8354,17890
paper_8355,17891
paper_8356,17892
paper_8357,17893
paper_8358,17894
paper_8359,17895
paper_836,17896
paper_8360,17897
paper_8361,17898
paper_8362,17899
paper_8363,17900
paper_8364,17901
paper_8365,17902
paper_8366,17903
paper_8367,17904
paper_8368,17905
paper_8369,17906
paper_837,17907
paper_8370,17908
paper_8371,17909
paper_8372,17910
paper_8373,17911
paper_8374,17912
paper_8375,17913
paper_8376,17914
paper_8377,17915
paper_8378,17916
paper_8379,17917
paper_838,17918
paper_8380,17919
paper_8381,17920
paper_8382,17921
paper_8383,17922
paper_8384,17923
paper_8385,17924
paper_8386,17925
paper_8387,17926
paper_8388,17927
paper_8389,17928
paper_839,17929
paper_8390,17930
paper_8391,17931
paper_8392,17932
paper_8393,17933
paper_8394,17934
paper_8395,17935
paper_8396,17936
paper_8397,17937
paper_8398,17938
paper_8399,17939
paper_84,17940
paper_840,17941
paper_8400,17942
paper_8401,17943
paper_8402,17944
paper_8403,17945
paper_8404,17946
paper_8405,17947
paper_8406,17948
paper_8407,17949
paper_8408,17950
paper_8409,17951
paper_841,17952
paper_8410,17953
paper_8411,17954
paper_8412,17955
paper_8413,17956
paper_8414,17957
paper_8415,17958
paper_8416,17959
paper_8417,17960
paper_8418,17961
paper_8419,17962
paper_842,17963
paper_8420,17964
paper_8421,17965
paper_8422,17966
paper_8423,17967
paper_8424,17968
paper_8425,17969
paper_8426,17970
paper_8427,17971
paper_8428,17972
paper_8429,17973
paper_843,17974
paper_8430,17975
paper_8431,17976
paper_8432,17977
paper_8433,17978
paper_8434,17979
paper_8435,17980
paper_8436,17981
paper_8437,17982
paper_8438,17983
paper_8439,17984
paper_844,17985
paper_8440,17986
paper_8441,17987
paper_8442,17988
paper_8443,17989
paper_8444,17990
paper_8445,17991
paper_8446,17992
paper_8447,17993
paper_8448,17994
paper_8449,17995
paper_845,17996
paper_8450,17997
paper_8451,17998
paper_8452,17999
paper_8453,18000
paper_8454,18001
paper_8455,18002
paper_8456,18003
paper_8457,18004
paper_8458,18005
paper_8459,18006
paper_846,18007
paper_8460,18008
paper_8461,18009
paper_8462,18010
paper_8463,18011
paper_8464,18012
paper_8465,18013
paper_8466,18014
paper_8467,18015
paper_8468,18016
paper_8469,18017
paper_847,18018
paper_8470,18019
paper_8471,18020
paper_8472,18021
paper_8473,18022
paper_8474,18023
paper_8475,18024
paper_8476,18025
paper_8477,18026
paper_8478,18027
paper_8479,18028
paper_848,18029
paper_8480,18030
paper_8481,18031
paper_8482,18032
paper_8483,18033
paper_8484,18034
paper_8485,18035
paper_8486,18036
paper_8487,18037
paper_8488,18038
paper_8489,18039
paper_849,18040
paper_8490,18041
paper_8491,18042
paper_8492,18043
paper_8493,18044
paper_8494,18045
paper_8495,18046
paper_8496,18047
paper_8497,18048
paper_8498,18049
paper_8499,18050
paper_85,18051
paper_850,18052
paper_8500,18053
paper_8501,18054
paper_8502,18055
paper_8503,18056
paper_8504,18057
paper_8505,18058
paper_8506,18059
paper_8507,18060
paper_8508,18061
paper_8509,18062
paper_851,18063
paper_8510,18064
paper_8511,18065
paper_8512,18066
paper_8513,18067
paper_8514,18068
paper_8515,18069
paper_8516,18070
paper_8517,18071
paper_8518,18072
paper_8519,18073
paper_852,18074
paper_8520,18075
paper_8521,18076
paper_8522,18077
paper_8523,18078
paper_8524,18079
paper_8525,18080
paper_8526,18081
paper_8527,18082
paper_8528,18083
paper_8529,18084
paper_853,18085
paper_8530,18086
paper_8531,18087
paper_8532,18088
paper_8533,18089
paper_8534,18090
paper_8535,18091
paper_8536,18092
paper_8537,18093
paper_8538,18094
paper_8539,18095
paper_854,18096
paper_8540,18097
paper_8541,18098
paper_8542,18099
paper_8543,18100
paper_8544,18101
paper_8545,18102
paper_8546,18103
paper_8547,18104
paper_8548,18105
paper_8549,18106
paper_855,18107
paper_8550,18108
paper_8551,18109
paper_8552,18110
paper_8553,18111
paper_8554,18112
paper_8555,18113
paper_8556,18114
paper_8557,18115
paper_8558,18116
paper_8559,18117
paper_856,18118
paper_8560,18119
paper_8561,18120
paper_8562,18121
paper_8563,18122
paper_8564,18123
paper_8565,18124
paper_8566,18125
paper_8567,18126
paper_8568,18127
paper_8569,18128
paper_857,18129
paper_8570,18130
paper_8571,18131
paper_8572,18132
paper_8573,18133
paper_8574,18134
paper_8575,18135
paper_8576,18136
paper_8577,18137
paper_8578,18138
paper_8579,18139
paper_858,18140
paper_8580,18141
paper_8581,18142
paper_8582,18143
paper_8583,18144
paper_8584,18145
paper_8585,18146
paper_8586,18147
paper_8587,18148
paper_8588,18149
paper_8589,18150
paper_859,18151
paper_8590,18152
paper_8591,18153
paper_8592,18154
paper_8593,18155
paper_8594,18156
paper_8595,18157
paper_8596,18158
paper_8597,18159
paper_8598,18160
paper_8599,18161
paper_86,18162
paper_860,18163
paper_8600,18164
paper_8601,18165
paper_8602,18166
paper_8603,18167
paper_8604,18168
paper_8605,18169
paper_8606,18170
paper_8607,18171
paper_8608,18172
paper_8609,18173
paper_861,18174
paper_8610,18175
paper_8611,18176
paper_8612,18177
paper_8613,18178
paper_8614,18179
paper_8615,18180
paper_8616,18181
paper_8617,18182
paper_8618,18183
paper_8619,18184
paper_862,18185
paper_8620,18186
paper_8621,18187
paper_8622,18188
paper_8623,18189
paper_8624,18190
paper_8625,18191
paper_8626,18192
paper_8627,18193
paper_8628,18194
paper_8629,18195
paper_863,18196
paper_8630,18197
paper_8631,18198
paper_8632,18199
paper_8633,18200
paper_8634,18201
paper_8635,18202
paper_8636,18203
paper_8637,18204
paper_8638,18205
paper_8639,18206
paper_864,18207
paper_8640,18208
paper_8641,18209
paper_8642,18210
paper_8643,18211
paper_8644,18212
paper_8645,18213
paper_8646,18214
paper_8647,18215
paper_8648,18216
paper_8649,18217
paper_865,18218
paper_8650,18219
paper_8651,18220
paper_8652,18221
paper_8653,18222
paper_8654,18223
paper_8655,18224
paper_8656,18225
paper_8657,18226
paper_8658,18227
paper_8659,18228
paper_866,18229
paper_8660,18230
paper_8661,18231
paper_8662,18232
paper_8663,18233
paper_8664,18234
paper_8665,18235
paper_8666,18236
paper_8667,18237
paper_8668,18238
paper_8669,18239
paper_867,18240
paper_8670,18241
paper_8671,18242
paper_8672,18243
paper_8673,18244
paper_8674,18245
paper_8675,18246
paper_8676,18247
paper_8677,18248
paper_8678,18249
paper_8679,18250
paper_868,18251
paper_8680,18252
paper_8681,18253
paper_8682,18254
paper_8683,18255
paper_8684,18256
paper_8685,18257
paper_8686,18258
paper_8687,18259
paper_8688,18260
paper_8689,18261
paper_869,18262
paper_8690,18263
paper_8691,18264
paper_8692,18265
paper_8693,18266
paper_8694,18267
paper_8695,18268
paper_8696,18269
paper_8697,18270
paper_8698,18271
paper_8699,18272
paper_87,18273
paper_870,18274
paper_8700,18275
paper_8701,18276
paper_8702,18277
paper_8703,18278
paper_8704,18279
paper_8705,18280
paper_8706,18281
paper_8707,18282
paper_8708,18283
paper_8709,18284
paper_871,18285
paper_8710,18286
paper_8711,18287
paper_8712,18288
paper_8713,18289
paper_8714,18290
paper_8715,18291
paper_8716,18292
paper_8717,18293
paper_8718,18294
paper_8719,18295
paper_872,18296
paper_8720,18297
paper_8721,18298
paper_8722,18299
paper_8723,18300
paper_8724,18301
paper_8725,18302
paper_8726,18303
paper_8727,18304
paper_8728,18305
paper_8729,18306
paper_873,18307
paper_8730,18308
paper_8731,18309
paper_8732,18310
paper_8733,18311
paper_8734,18312
paper_8735,18313
paper_8736,18314
paper_8737,18315
paper_8738,18316
paper_8739,18317
paper_874,18318
paper_8740,18319
paper_8741,18320
paper_8742,18321
paper_8743,18322
paper_8744,18323
paper_8745,18324
paper_8746,18325
paper_8747,18326
paper_8748,18327
paper_8749,18328
paper_875,18329
paper_8750,18330
paper_8751,18331
paper_8752,18332
paper_8753,18333
paper_8754,18334
paper_8755,18335
paper_8756,18336
paper_8757,18337
paper_8758,18338
paper_8759,18339
paper_876,18340
paper_8760,18341
paper_8761,18342
paper_8762,18343
paper_8763,18344
paper_8764,18345
paper_8765,18346
paper_8766,18347
paper_8767,18348
paper_8768,18349
paper_8769,18350
paper_877,18351
paper_8770,18352
paper_8771,18353
paper_8772,18354
paper_8773,18355
paper_8774,18356
paper_8775,18357
paper_8776,18358
paper_8777,18359
paper_8778,18360
paper_8779,18361
paper_878,18362
paper_8780,18363
paper_8781,18364
paper_8782,18365
paper_8783,18366
paper_8784,18367
paper_8785,18368
paper_8786,18369
paper_8787,18370
paper_8788,18371
paper_8789,18372
paper_879,18373
paper_8790,18374
paper_8791,18375
paper_8792,18376
paper_8793,18377
paper_8794,18378
paper_8795,18379
paper_8796,18380
paper_8797,18381
paper_8798,18382
paper_8799,18383
paper_88,18384
paper_880,18385
paper_8800,18386
paper_8801,18387
paper_8802,18388
paper_8803,18389
paper_8804,18390
paper_8805,18391
paper_8806,18392
paper_8807,18393
paper_8808,18394
paper_8809,18395
paper_881,18396
paper_8810,18397
paper_8811,18398
paper_8812,18399
paper_8813,18400
paper_8814,18401
paper_8815,18402
paper_8816,18403
paper_8817,18404
paper_8818,18405
paper_8819,18406
paper_882,18407
paper_8820,18408
paper_8821,18409
paper_8822,18410
paper_8823,18411
paper_8824,18412
paper_8825,18413
paper_8826,18414
paper_8827,18415
paper_8828,18416
paper_8829,18417
paper_883,18418
paper_8830,18419
paper_8831,18420
paper_8832,18421
paper_8833,18422
paper_8834,18423
paper_8835,18424
paper_8836,18425
paper_8837,18426
paper_8838,18427
paper_8839,18428
paper_884,18429
paper_8840,18430
paper_8841,18431
paper_8842,18432
paper_8843,18433
paper_8844,18434
paper_8845,18435
paper_8846,18436
paper_8847,18437
paper_8848,18438
paper_8849,18439
paper_885,18440
paper_8850,18441
paper_8851,18442
paper_8852,18443
paper_8853,18444
paper_8854,18445
paper_8855,18446
paper_8856,18447
paper_8857,18448
paper_8858,18449
paper_8859,18450
paper_886,18451
paper_8860,18452
paper_8861,18453
paper_8862,18454
paper_8863,18455
paper_8864,18456
paper_8865,18457
paper_8866,18458
paper_8867,18459
paper_8868,18460
paper_8869,18461
paper_887,18462
paper_8870,18463
paper_8871,18464
paper_8872,18465
paper_8873,18466
paper_8874,18467
paper_8875,18468
paper_8876,18469
paper_8877,18470
paper_8878,18471
paper_8879,18472
paper_888,18473
paper_8880,18474
paper_8881,18475
paper_8882,18476
paper_8883,18477
paper_8884,18478
paper_8885,18479
paper_8886,18480
paper_8887,18481
paper_8888,18482
paper_8889,18483
paper_889,18484
paper_8890,18485
paper_8891,18486
paper_8892,18487
paper_8893,18488
paper_8894,18489
paper_8895,18490
paper_8896,18491
paper_8897,18492
paper_8898,18493
paper_8899,18494
paper_89,18495
paper_890,18496
paper_8900,18497
paper_8901,18498
paper_8902,18499
paper_8903,18500
paper_8904,18501
paper_8905,18502
paper_8906,18503
paper_8907,18504
paper_8908,18505
paper_8909,18506
paper_891,18507
paper_8910,18508
paper_8911,18509
paper_8912,18510
paper_8913,18511
paper_8914,18512
paper_8915,18513
paper_8916,18514
paper_8917,18515
paper_8918,18516
paper_8919,18517
paper_892,18518
paper_8920,18519
paper_8921,18520
paper_8922,18521
paper_8923,18522
paper_8924,18523
paper_8925,18524
paper_8926,18525
paper_8927,18526
paper_8928,18527
paper_8929,18528
paper_893,18529
paper_8930,18530
paper_8931,18531
paper_8932,18532
paper_8933,18533
paper_8934,18534
paper_8935,18535
paper_8936,18536
paper_8937,18537
paper_8938,18538
paper_8939,18539
paper_894,18540
paper_8940,18541
paper_8941,18542
paper_8942,18543
paper_8943,18544
paper_8944,18545
paper_8945,18546
paper_8946,18547
paper_8947,18548
paper_8948,18549
paper_8949,18550
paper_895,18551
paper_8950,18552
paper_8951,18553
paper_8952,18554
paper_8953,18555
paper_8954,18556
paper_8955,18557
paper_8956,18558
paper_8957,18559
paper_8958,18560
paper_8959,18561
paper_896,18562
paper_8960,18563
paper_8961,18564
paper_8962,18565
paper_8963,18566
paper_8964,18567
paper_8965,18568
paper_8966,18569
paper_8967,18570
paper_8968,18571
paper_8969,18572
paper_897,18573
paper_8970,18574
paper_8971,18575
paper_8972,18576
paper_8973,18577
paper_8974,18578
paper_8975,18579
paper_8976,18580
paper_8977,18581
paper_8978,18582
paper_8979,18583
paper_898,18584
paper_8980,18585
paper_8981,18586
paper_8982,18587
paper_8983,18588
paper_8984,18589
paper_8985,18590
paper_8986,18591
paper_8987,18592
paper_8988,18593
paper_8989,18594
paper_899,18595
paper_8990,18596
paper_8991,18597
paper_8992,18598
paper_8993,18599
paper_8994,18600
paper_8995,18601
paper_8996,18602
paper_8997,18603
paper_8998,18604
paper_8999,18605
paper_9,18606
paper_90,18607
paper_900,18608
paper_9000,18609
paper_9001,18610
paper_9002,18611
paper_9003,18612
paper_9004,18613
paper_9005,18614
paper_9006,18615
paper_9007,18616
paper_9008,18617
paper_9009,18618
paper_901,18619
paper_9010,18620
paper_9011,18621
paper_9012,18622
paper_9013,18623
paper_9014,18624
paper_9015,18625
paper_9016,18626
paper_9017,18627
paper_9018,18628
paper_9019,18629
paper_902,18630
paper_9020,18631
paper_9021,18632
paper_9022,18633
paper_9023,18634
paper_9024,18635
paper_9025,18636
paper_9026,18637
paper_9027,18638
paper_9028,18639
paper_9029,18640
paper_903,18641
paper_9030,18642
paper_9031,18643
paper_9032,18644
paper_9033,18645
paper_9034,18646
paper_9035,18647
paper_9036,18648
paper_9037,18649
paper_9038,18650
paper_9039,18651
paper_904,18652
paper_9040,18653
paper_9041,18654
paper_9042,18655
paper_9043,18656
paper_9044,18657
paper_9045,18658
paper_9046,18659
paper_9047,18660
paper_9048,18661
paper_9049,18662
paper_905,18663
paper_9050,18664
paper_9051,18665
paper_9052,18666
paper_9053,18667
paper_9054,18668
paper_9055,18669
paper_9056,18670
paper_9057,18671
paper_9058,18672
paper_9059,18673
paper_906,18674
paper_9060,18675
paper_9061,18676
paper_9062,18677
paper_9063,18678
paper_9064,18679
paper_9065,18680
paper_9066,18681
paper_9067,18682
paper_9068,18683
paper_9069,18684
paper_907,18685
paper_9070,18686
paper_9071,18687
paper_9072,18688
paper_9073,18689
paper_9074,18690
paper_9075,18691
paper_9076,18692
paper_9077,18693
paper_9078,18694
paper_9079,18695
paper_908,18696
paper_9080,18697
paper_9081,18698
paper_9082,18699
paper_9083,18700
paper_9084,18701
paper_9085,18702
paper_9086,18703
paper_9087,18704
paper_9088,18705
paper_9089,18706
paper_909,18707
paper_9090,18708
paper_9091,18709
paper_9092,18710
paper_9093,18711
paper_9094,18712
paper_9095,18713
paper_9096,18714
paper_9097,18715
paper_9098,18716
paper_9099,18717
paper_91,18718
paper_910,18719
paper_9100,18720
paper_9101,18721
paper_9102,18722
paper_9103,18723
paper_9104,18724
paper_9105,18725
paper_9106,18726
paper_9107,18727
paper_9108,18728
paper_9109,18729
paper_911,18730
paper_9110,18731
paper_9111,18732
paper_9112,18733
paper_9113,18734
paper_9114,18735
paper_9115,18736
paper_9116,18737
paper_9117,18738
paper_9118,18739
paper_9119,18740
paper_912,18741
paper_9120,18742
paper_9121,18743
paper_9122,18744
paper_9123,18745
paper_9124,18746
paper_9125,18747
paper_9126,18748
paper_9127,18749
paper_9128,18750
paper_9129,18751
paper_913,18752
paper_9130,18753
paper_9131,18754
paper_9132,18755
paper_9133,18756
paper_9134,18757
paper_9135,18758
paper_9136,18759
paper_9137,18760
paper_9138,18761
paper_9139,18762
paper_914,18763
paper_9140,18764
paper_9141,18765
paper_9142,18766
paper_9143,18767
paper_9144,18768
paper_9145,18769
paper_9146,18770
paper_9147,18771
paper_9148,18772
paper_9149,18773
paper_915,18774
paper_9150,18775
paper_9151,18776
paper_9152,18777
paper_9153,18778
paper_9154,18779
paper_9155,18780
paper_9156,18781
paper_9157,18782
paper_9158,18783
paper_9159,18784
paper_916,18785
paper_9160,18786
paper_9161,18787
paper_9162,18788
paper_9163,18789
paper_9164,18790
paper_9165,18791
paper_9166,18792
paper_9167,18793
paper_9168,18794
paper_9169,18795
paper_917,18796
paper_9170,18797
paper_9171,18798
paper_9172,18799
paper_9173,18800
paper_9174,18801
paper_9175,18802
paper_9176,18803
paper_9177,18804
paper_9178,18805
paper_9179,18806
paper_918,18807
paper_9180,18808
paper_9181,18809
paper_9182,18810
paper_9183,18811
paper_9184,18812
paper_9185,18813
paper_9186,18814
paper_9187,18815
paper_9188,18816
paper_9189,18817
paper_919,18818
paper_9190,18819
paper_9191,18820
paper_9192,18821
paper_9193,18822
paper_9194,18823
paper_9195,18824
paper_9196,18825
paper_9197,18826
paper_9198,18827
paper_9199,18828
paper_92,18829
paper_920,18830
paper_9200,18831
paper_9201,18832
paper_9202,18833
paper_9203,18834
paper_9204,18835
paper_9205,18836
paper_9206,18837
paper_9207,18838
paper_9208,18839
paper_9209,18840
paper_921,18841
paper_9210,18842
paper_9211,18843
paper_9212,18844
paper_9213,18845
paper_9214,18846
paper_9215,18847
paper_9216,18848
paper_9217,18849
paper_9218,18850
paper_9219,18851
paper_922,18852
paper_9220,18853
paper_9221,18854
paper_9222,18855
paper_9223,18856
paper_9224,18857
paper_9225,18858
paper_9226,18859
paper_9227,18860
paper_9228,18861
paper_9229,18862
paper_923,18863
paper_9230,18864
paper_9231,18865
paper_9232,18866
paper_9233,18867
paper_9234,18868
paper_9235,18869
paper_9236,18870
paper_9237,18871
paper_9238,18872
paper_9239,18873
paper_924,18874
paper_9240,18875
paper_9241,18876
paper_9242,18877
paper_9243,18878
paper_9244,18879
paper_9245,18880
paper_9246,18881
paper_9247,18882
paper_9248,18883
paper_9249,18884
paper_925,18885
paper_9250,18886
paper_9251,18887
paper_9252,18888
paper_9253,18889
paper_9254,18890
paper_9255,18891
paper_9256,18892
paper_9257,18893
paper_9258,18894
paper_9259,18895
paper_926,18896
paper_9260,18897
paper_9261,18898
paper_9262,18899
paper_9263,18900
paper_9264,18901
paper_9265,18902
paper_9266,18903
paper_9267,18904
paper_9268,18905
paper_9269,18906
paper_927,18907
paper_9270,18908
paper_9271,18909
paper_9272,18910
paper_9273,18911
paper_9274,18912
paper_9275,18913
paper_9276,18914
paper_9277,18915
paper_9278,18916
paper_9279,18917
paper_928,18918
paper_9280,18919
paper_9281,18920
paper_9282,18921
paper_9283,18922
paper_9284,18923
paper_9285,18924
paper_9286,18925
paper_9287,18926
paper_9288,18927
paper_9289,18928
paper_929,18929
paper_9290,18930
paper_9291,18931
paper_9292,18932
paper_9293,18933
paper_9294,18934
paper_9295,18935
paper_9296,18936
paper_9297,18937
paper_9298,18938
paper_9299,18939
paper_93,18940
paper_930,18941
paper_9300,18942
paper_9301,18943
paper_9302,18944
paper_9303,18945
paper_9304,18946
paper_9305,18947
paper_9306,18948
paper_9307,18949
paper_9308,18950
paper_9309,18951
paper_931,18952
paper_9310,18953
paper_9311,18954
paper_9312,18955
paper_9313,18956
paper_9314,18957
paper_9315,18958
paper_9316,18959
paper_9317,18960
paper_9318,18961
paper_9319,18962
paper_932,18963
paper_9320,18964
paper_9321,18965
paper_9322,18966
paper_9323,18967
paper_9324,18968
paper_9325,18969
paper_9326,18970
paper_9327,18971
paper_9328,18972
paper_9329,18973
paper_933,18974
paper_9330,18975
paper_9331,18976
paper_9332,18977
paper_9333,18978
paper_9334,18979
paper_9335,18980
paper_9336,18981
paper_9337,18982
paper_9338,18983
paper_9339,18984
paper_934,18985
paper_9340,18986
paper_9341,18987
paper_9342,18988
paper_9343,18989
paper_9344,18990
paper_9345,18991
paper_9346,18992
paper_9347,18993
paper_9348,18994
paper_9349,18995
paper_935,18996
paper_9350,18997
paper_9351,18998
paper_9352,18999
paper_9353,19000
paper_9354,19001
paper_9355,19002
paper_9356,19003
paper_9357,19004
paper_9358,19005
paper_9359,19006
paper_936,19007
paper_9360,19008
paper_9361,19009
paper_9362,19010
paper_9363,19011
paper_9364,19012
paper_9365,19013
paper_9366,19014
paper_9367,19015
paper_9368,19016
paper_9369,19017
paper_937,19018
paper_9370,19019
paper_9371,19020
paper_9372,19021
paper_9373,19022
paper_9374,19023
paper_9375,19024
paper_9376,19025
paper_9377,19026
paper_9378,19027
paper_9379,19028
paper_938,19029
paper_9380,19030
paper_9381,19031
paper_9382,19032
paper_9383,19033
paper_9384,19034
paper_9385,19035
paper_9386,19036
paper_9387,19037
paper_9388,19038
paper_9389,19039
paper_939,19040
paper_9390,19041
paper_9391,19042
paper_9392,19043
paper_9393,19044
paper_9394,19045
paper_9395,19046
paper_9396,19047
paper_9397,19048
paper_9398,19049
paper_9399,19050
paper_94,19051
paper_940,19052
paper_9400,19053
paper_9401,19054
paper_9402,19055
paper_9403,19056
paper_9404,19057
paper_9405,19058
paper_9406,19059
paper_9407,19060
paper_9408,19061
paper_9409,19062
paper_941,19063
paper_9410,19064
paper_9411,19065
paper_9412,19066
paper_9413,19067
paper_9414,19068
paper_9415,19069
paper_9416,19070
paper_9417,19071
paper_9418,19072
paper_9419,19073
paper_942,19074
paper_9420,19075
paper_9421,19076
paper_9422,19077
paper_9423,19078
paper_9424,19079
paper_9425,19080
paper_9426,19081
paper_9427,19082
paper_9428,19083
paper_9429,19084
paper_943,19085
paper_9430,19086
paper_9431,19087
paper_9432,19088
paper_9433,19089
paper_9434,19090
paper_9435,19091
paper_9436,19092
paper_9437,19093
paper_9438,19094
paper_9439,19095
paper_944,19096
paper_9440,19097
paper_9441,19098
paper_9442,19099
paper_9443,19100
paper_9444,19101
paper_9445,19102
paper_9446,19103
paper_9447,19104
paper_9448,19105
paper_9449,19106
paper_945,19107
paper_9450,19108
paper_9451,19109
paper_9452,19110
paper_9453,19111
paper_9454,19112
paper_9455,19113
paper_9456,19114
paper_9457,19115
paper_9458,19116
paper_9459,19117
paper_946,19118
paper_9460,19119
paper_9461,19120
paper_9462,19121
paper_9463,19122
paper_9464,19123
paper_9465,19124
paper_9466,19125
paper_9467,19126
paper_9468,19127
paper_9469,19128
paper_947,19129
paper_9470,19130
paper_9471,19131
paper_9472,19132
paper_9473,19133
paper_9474,19134
paper_9475,19135
paper_9476,19136
paper_9477,19137
paper_9478,19138
paper_9479,19139
paper_948,19140
paper_9480,19141
paper_9481,19142
paper_9482,19143
paper_9483,19144
paper_9484,19145
paper_9485,19146
paper_9486,19147
paper_9487,19148
paper_9488,19149
paper_9489,19150
paper_949,19151
paper_9490,19152
paper_9491,19153
paper_9492,19154
paper_9493,19155
paper_9494,19156
paper_9495,19157
paper_9496,19158
paper_9497,19159
paper_9498,19160
paper_9499,19161
paper_95,19162
paper_950,19163
paper_9500,19164
paper_9501,19165
paper_9502,19166
paper_9503,19167
paper_9504,19168
paper_9505,19169
paper_9506,19170
paper_9507,19171
paper_9508,19172
paper_9509,19173
paper_951,19174
paper_9510,19175
paper_9511,19176
paper_9512,19177
paper_9513,19178
paper_9514,19179
paper_9515,19180
paper_9516,19181
paper_9517,19182
paper_9518,19183
paper_9519,19184
paper_952,19185
paper_9520,19186
paper_9521,19187
paper_9522,19188
paper_9523,19189
paper_9524,19190
paper_9525,19191
paper_9526,19192
paper_9527,19193
paper_9528,19194
paper_9529,19195
paper_953,19196
paper_9530,19197
paper_9531,19198
paper_9532,19199
paper_9533,19200
paper_9534,19201
paper_9535,19202
paper_9536,19203
paper_9537,19204
paper_9538,19205
paper_9539,19206
paper_954,19207
paper_9540,19208
paper_9541,19209
paper_9542,19210
paper_9543,19211
paper_9544,19212
paper_9545,19213
paper_9546,19214
paper_9547,19215
paper_9548,19216
paper_9549,19217
paper_955,19218
paper_9550,19219
paper_9551,19220
paper_9552,19221
paper_9553,19222
paper_9554,19223
paper_9555,19224
paper_9556,19225
paper_9557,19226
paper_9558,19227
paper_9559,19228
paper_956,19229
paper_9560,19230
paper_9561,19231
paper_9562,19232
paper_9563,19233
paper_9564,19234
paper_9565,19235
paper_9566,19236
paper_9567,19237
paper_9568,19238
paper_9569,19239
paper_957,19240
paper_9570,19241
paper_9571,19242
paper_9572,19243
paper_9573,19244
paper_9574,19245
paper_9575,19246
paper_9576,19247
paper_9577,19248
paper_9578,19249
paper_9579,19250
paper_958,19251
paper_9580,19252
paper_9581,19253
paper_9582,19254
paper_9583,19255
paper_9584,19256
paper_9585,19257
paper_9586,19258
paper_9587,19259
paper_9588,19260
paper_9589,19261
paper_959,19262
paper_9590,19263
paper_9591,19264
paper_9592,19265
paper_9593,19266
paper_9594,19267
paper_9595,19268
paper_9596,19269
paper_9597,19270
paper_9598,19271
paper_9599,19272
paper_96,19273
paper_960,19274
paper_9600,19275
paper_9601,19276
paper_9602,19277
paper_9603,19278
paper_9604,19279
paper_9605,19280
paper_9606,19281
paper_9607,19282
paper_9608,19283
paper_9609,19284
paper_961,19285
paper_9610,19286
paper_9611,19287
paper_9612,19288
paper_9613,19289
paper_9614,19290
paper_9615,19291
paper_9616,19292
paper_9617,19293
paper_9618,19294
paper_9619,19295
paper_962,19296
paper_9620,19297
paper_9621,19298
paper_9622,19299
paper_9623,19300
paper_9624,19301
paper_9625,19302
paper_9626,19303
paper_9627,19304
paper_9628,19305
paper_9629,19306
paper_963,19307
paper_9630,19308
paper_9631,19309
paper_9632,19310
paper_9633,19311
paper_9634,19312
paper_9635,19313
paper_9636,19314
paper_9637,19315
paper_9638,19316
paper_9639,19317
paper_964,19318
paper_9640,19319
paper_9641,19320
paper_9642,19321
paper_9643,19322
paper_9644,19323
paper_9645,19324
paper_9646,19325
paper_9647,19326
paper_9648,19327
paper_9649,19328
paper_965,19329
paper_9650,19330
paper_9651,19331
paper_9652,19332
paper_9653,19333
paper_9654,19334
paper_9655,19335
paper_9656,19336
paper_9657,19337
paper_9658,19338
paper_9659,19339
paper_966,19340
paper_9660,19341
paper_9661,19342
paper_9662,19343
paper_9663,19344
paper_9664,19345
paper_9665,19346
paper_9666,19347
paper_9667,19348
paper_9668,19349
paper_9669,19350
paper_967,19351
paper_9670,19352
paper_9671,19353
paper_9672,19354
paper_9673,19355
paper_9674,19356
paper_9675,19357
paper_9676,19358
paper_9677,19359
paper_9678,19360
paper_9679,19361
paper_968,19362
paper_9680,19363
paper_9681,19364
paper_9682,19365
paper_9683,19366
paper_9684,19367
paper_9685,19368
paper_9686,19369
paper_9687,19370
paper_9688,19371
paper_9689,19372
paper_969,19373
paper_9690,19374
paper_9691,19375
paper_9692,19376
paper_9693,19377
paper_9694,19378
paper_9695,19379
paper_9696,19380
paper_9697,19381
paper_9698,19382
paper_9699,19383
paper_97,19384
paper_970,19385
paper_9700,19386
paper_9701,19387
paper_9702,19388
paper_9703,19389
paper_9704,19390
paper_9705,19391
paper_9706,19392
paper_9707,19393
paper_9708,19394
paper_9709,19395
paper_971,19396
paper_9710,19397
paper_9711,19398
paper_9712,19399
paper_9713,19400
paper_9714,19401
paper_9715,19402
paper_9716,19403
paper_9717,19404
paper_9718,19405
paper_9719,19406
paper_972,19407
paper_9720,19408
paper_9721,19409
paper_9722,19410
paper_9723,19411
paper_9724,19412
paper_9725,19413
paper_9726,19414
paper_9727,19415
paper_9728,19416
paper_9729,19417
paper_973,19418
paper_9730,19419
paper_9731,19420
paper_9732,19421
paper_9733,19422
paper_9734,19423
paper_9735,19424
paper_9736,19425
paper_9737,19426
paper_9738,19427
paper_9739,19428
paper_974,19429
paper_9740,19430
paper_9741,19431
paper_9742,19432
paper_9743,19433
paper_9744,19434
paper_9745,19435
paper_9746,19436
paper_9747,19437
paper_9748,19438
paper_9749,19439
paper_975,19440
paper_9750,19441
paper_9751,19442
paper_9752,19443
paper_9753,19444
paper_9754,19445
paper_9755,19446
paper_9756,19447
paper_9757,19448
paper_9758,19449
paper_9759,19450
paper_976,19451
paper_9760,19452
paper_9761,19453
paper_9762,19454
paper_9763,19455
paper_9764,19456
paper_9765,19457
paper_9766,19458
paper_9767,19459
paper_9768,19460
paper_9769,19461
paper_977,19462
paper_9770,19463
paper_9771,19464
paper_9772,19465
paper_9773,19466
paper_9774,19467
paper_9775,19468
paper_9776,19469
paper_9777,19470
paper_9778,19471
paper_9779,19472
paper_978,19473
paper_9780,19474
paper_9781,19475
paper_9782,19476
paper_9783,19477
paper_9784,19478
paper_9785,19479
paper_9786,19480
paper_9787,19481
paper_9788,19482
paper_9789,19483
paper_979,19484
paper_9790,19485
paper_9791,19486
paper_9792,19487
paper_9793,19488
paper_9794,19489
paper_9795,19490
paper_9796,19491
paper_9797,19492
paper_9798,19493
paper_9799,19494
paper_98,19495
paper_980,19496
paper_9800,19497
paper_9801,19498
paper_9802,19499
paper_9803,19500
paper_9804,19501
paper_9805,19502
paper_9806,19503
paper_9807,19504
paper_9808,19505
paper_9809,19506
paper_981,19507
paper_9810,19508
paper_9811,19509
paper_9812,19510
paper_9813,19511
paper_9814,19512
paper_9815,19513
paper_9816,19514
paper_9817,19515
paper_9818,19516
paper_9819,19517
paper_982,19518
paper_9820,19519
paper_9821,19520
paper_9822,19521
paper_9823,19522
paper_9824,19523
paper_9825,19524
paper_9826,19525
paper_9827,19526
paper_9828,19527
paper_9829,19528
paper_983,19529
paper_9830,19530
paper_9831,19531
paper_9832,19532
paper_9833,19533
paper_9834,19534
paper_9835,19535
paper_9836,19536
paper_9837,19537
paper_9838,19538
paper_9839,19539
paper_984,19540
paper_9840,19541
paper_9841,19542
paper_9842,19543
paper_9843,19544
paper_9844,19545
paper_9845,19546
paper_9846,19547
paper_9847,19548
paper_9848,19549
paper_9849,19550
paper_985,19551
paper_9850,19552
paper_9851,19553
paper_9852,19554
paper_9853,19555
paper_9854,19556
paper_9855,19557
paper_9856,19558
paper_9857,19559
paper_9858,19560
paper_9859,19561
paper_986,19562
paper_9860,19563
paper_9861,19564
paper_9862,19565
paper_9863,19566
paper_9864,19567
paper_9865,19568
paper_9866,19569
paper_9867,19570
paper_9868,19571
paper_9869,19572
paper_987,19573
paper_9870,19574
paper_9871,19575
paper_9872,19576
paper_9873,19577
paper_9874,19578
paper_9875,19579
paper_9876,19580
paper_9877,19581
paper_9878,19582
paper_9879,19583
paper_988,19584
paper_9880,19585
paper_9881,19586
paper_9882,19587
paper_9883,19588
paper_9884,19589
paper_9885,19590
paper_9886,19591
paper_9887,19592
paper_9888,19593
paper_9889,19594
paper_989,19595
paper_9890,19596
paper_9891,19597
paper_9892,19598
paper_9893,19599
paper_9894,19600
paper_9895,19601
paper_9896,19602
paper_9897,19603
paper_9898,19604
paper_9899,19605
paper_99,19606
paper_990,19607
paper_9900,19608
paper_9901,19609
paper_9902,19610
paper_9903,19611
paper_9904,19612
paper_9905,19613
paper_9906,19614
paper_9907,19615
paper_9908,19616
paper_9909,19617
paper_991,19618
paper_9910,19619
paper_9911,19620
paper_9912,19621
paper_9913,19622
paper_9914,19623
paper_9915,19624
paper_9916,19625
paper_9917,19626
paper_9918,19627
paper_9919,19628
paper_992,19629
paper_9920,19630
paper_9921,19631
paper_9922,19632
paper_9923,19633
paper_9924,19634
paper_9925,19635
paper_9926,19636
paper_9927,19637
paper_9928,19638
paper_9929,19639
paper_993,19640
paper_9930,19641
paper_9931,19642
paper_9932,19643
paper_9933,19644
paper_9934,19645
paper_9935,19646
paper_9936,19647
paper_9937,19648
paper_9938,19649
paper_9939,19650
paper_994,19651
paper_9940,19652
paper_9941,19653
paper_9942,19654
paper_9943,19655
paper_9944,19656
paper_9945,19657
paper_9946,19658
paper_9947,19659
paper_9948,19660
paper_9949,19661
paper_995,19662
paper_9950,19663
paper_9951,19664
paper_9952,19665
paper_9953,19666
paper_9954,19667
paper_9955,19668
paper_9956,19669
paper_9957,19670
paper_9958,19671
paper_9959,19672
paper_996,19673
paper_9960,19674
paper_9961,19675
paper_9962,19676
paper_9963,19677
paper_9964,19678
paper_9965,19679
paper_9966,19680
paper_9967,19681
paper_9968,19682
paper_9969,19683
paper_997,19684
paper_9970,19685
paper_9971,19686
paper_9972,19687
paper_9973,19688
paper_9974,19689
paper_9975,19690
paper_9976,19691
paper_9977,19692
paper_9978,19693
paper_9979,19694
paper_998,19695
paper_9980,19696
paper_9981,19697
paper_9982,19698
paper_9983,19699
paper_9984,19700
paper_9985,19701
paper_9986,19702
paper_9987,19703
paper_9988,19704
paper_9989,19705
paper_999,19706
paper_9990,19707
paper_9991,19708
paper_9992,19709
paper_9993,19710
paper_9994,19711
paper_9995,19712
paper_9996,19713
paper_9997,19714
paper_9998,19715
paper_9999,19716
